idx,ctype,inp_gain,out_gain,Ih_gmax,out_scale,Ih_midv,Ih_slope,tau_midv
0,R1,0.439715,0.586230,49.466368,1.000000,-48.253598,-0.347346,-48.926622
1,R2,0.359978,0.625969,49.466368,1.000000,-48.253598,-0.347346,-48.926622
2,R3,0.480082,0.646682,49.466368,1.000000,-48.253598,-0.347346,-48.926622
3,R4,0.422050,0.619486,49.466368,1.000000,-48.253598,-0.347346,-48.926622
4,R5,0.416476,0.644721,49.466368,1.000000,-48.253598,-0.347346,-48.926622
5,R6,0.319335,0.571586,49.466368,1.000000,-48.253598,-0.347346,-48.926622
6,R7,0.378087,0.446720,54.690413,1.000000,-48.253598,-0.347346,-48.926622
7,R8,0.484910,0.545255,48.636330,1.000000,-48.253598,-0.347346,-48.926622
8,L1,0.567555,0.513379,48.089790,1.000000,-48.253598,-0.347346,-48.926622
9,L2,0.541703,0.338715,52.537714,1.000000,-48.253598,-0.347346,-48.926622
10,L3,0.634833,0.448108,0.100000,1.000000,-48.253598,-0.347346,-48.926622
11,L4,0.403176,0.499444,0.000000,1.000000,-48.253598,-0.347346,-48.926622
12,L5,0.528457,0.442980,47.911302,1.000000,-48.253598,-0.347346,-48.926622
13,Lawf1,0.380499,0.336683,0.000000,1.000000,-48.253598,-0.347346,-48.926622
14,Lawf2,0.481547,0.320691,0.000000,1.000000,-48.253598,-0.347346,-48.926622
15,Am,0.316906,0.308726,0.000000,1.000000,-48.253598,-0.347346,-48.926622
16,C2,0.352982,0.441814,0.000000,1.000000,-48.253598,-0.347346,-48.926622
17,C3,0.368257,0.447605,0.000000,1.000000,-48.253598,-0.347346,-48.926622
18,CT1(Lo1),0.579935,0.450055,0.000000,1.000000,-48.253598,-0.347346,-48.926622
19,CT1(M10),0.526685,0.663877,0.000000,1.000000,-48.253598,-0.347346,-48.926622
20,Mi1,0.673369,0.371179,0.000000,1.000000,-48.253598,-0.347346,-48.926622
21,Mi2,0.322129,0.472173,0.000000,1.000000,-48.253598,-0.347346,-48.926622
22,Mi3,0.500185,0.384605,0.000000,1.000000,-48.253598,-0.347346,-48.926622
23,Mi4,0.566360,0.470502,0.000000,1.000000,-48.253598,-0.347346,-48.926622
24,Mi9,0.468255,0.658589,0.000000,1.000000,-48.253598,-0.347346,-48.926622
25,Mi10,0.598558,0.572063,0.000000,1.000000,-48.253598,-0.347346,-48.926622
26,Mi11,0.597323,0.583454,0.000000,1.000000,-48.253598,-0.347346,-48.926622
27,Mi12,0.465799,0.325157,0.000000,1.000000,-48.253598,-0.347346,-48.926622
28,Mi13,0.442156,0.456632,0.000000,1.000000,-48.253598,-0.347346,-48.926622
29,Mi14,0.457485,0.398985,0.000000,1.000000,-48.253598,-0.347346,-48.926622
30,Mi15,0.464469,0.455302,0.000000,1.000000,-48.253598,-0.347346,-48.926622
31,T1,0.370497,0.456883,0.000000,1.000000,-48.253598,-0.347346,-48.926622
32,T2,0.624632,0.515932,0.000000,1.000000,-48.253598,-0.347346,-48.926622
33,T2a,0.587856,0.678590,0.000000,1.000000,-48.253598,-0.347346,-48.926622
34,T3,0.615921,0.498714,0.000000,1.000000,-48.253598,-0.347346,-48.926622
35,T4a,0.594956,0.513656,0.000000,1.000000,-48.253598,-0.347346,-48.926622
36,T4b,0.571685,0.693400,0.000000,1.000000,-48.253598,-0.347346,-48.926622
37,T4c,0.644855,0.653372,0.000000,1.000000,-48.253598,-0.347346,-48.926622
38,T4d,0.550531,0.308239,0.000000,1.000000,-48.253598,-0.347346,-48.926622
39,T5a,0.535142,0.694420,0.000000,1.000000,-48.253598,-0.347346,-48.926622
40,T5b,0.497811,0.444173,0.000000,1.000000,-48.253598,-0.347346,-48.926622
41,T5c,0.353279,0.303040,0.000000,1.000000,-48.253598,-0.347346,-48.926622
42,T5d,0.465072,0.482633,0.000000,1.000000,-48.253598,-0.347346,-48.926622
43,Tm1,0.526751,0.351942,0.000000,1.000000,-48.253598,-0.347346,-48.926622
44,Tm2,0.399486,0.335188,0.000000,1.000000,-48.253598,-0.347346,-48.926622
45,Tm3,0.534879,0.689306,0.000000,1.000000,-48.253598,-0.347346,-48.926622
46,Tm4,0.615688,0.512296,0.000000,1.000000,-48.253598,-0.347346,-48.926622
47,Tm5Y,0.502170,0.669035,0.000000,1.000000,-48.253598,-0.347346,-48.926622
48,Tm5a,0.538889,0.479557,0.000000,1.000000,-48.253598,-0.347346,-48.926622
49,Tm5b,0.564842,0.598478,0.000000,1.000000,-48.253598,-0.347346,-48.926622
50,Tm5c,0.372869,0.437588,0.000000,1.000000,-48.253598,-0.347346,-48.926622
51,Tm9,0.310332,0.529230,0.000000,1.000000,-48.253598,-0.347346,-48.926622
52,Tm16,0.596681,0.496061,0.000000,1.000000,-48.253598,-0.347346,-48.926622
53,Tm20,0.334279,0.488283,0.000000,1.000000,-48.253598,-0.347346,-48.926622
54,Tm28,0.618040,0.641208,0.000000,1.000000,-48.253598,-0.347346,-48.926622
55,Tm30,0.478974,0.560828,0.000000,1.000000,-48.253598,-0.347346,-48.926622
56,TmY3,0.386973,0.471202,0.000000,1.000000,-48.253598,-0.347346,-48.926622
57,TmY4,0.389890,0.473112,0.000000,1.000000,-48.253598,-0.347346,-48.926622
58,TmY5a,0.373306,0.448345,0.000000,1.000000,-48.253598,-0.347346,-48.926622
59,TmY9,0.311479,0.685028,0.000000,1.000000,-48.253598,-0.347346,-48.926622
60,TmY10,0.616121,0.557943,0.000000,1.000000,-48.253598,-0.347346,-48.926622
61,TmY13,0.560812,0.410017,0.000000,1.000000,-48.253598,-0.347346,-48.926622
62,TmY14,0.575145,0.330168,0.000000,1.000000,-48.253598,-0.347346,-48.926622
63,TmY15,0.693941,0.542072,0.000000,1.000000,-48.253598,-0.347346,-48.926622
64,TmY18,0.388261,0.405985,0.000000,1.000000,-48.253598,-0.347346,-48.926622
