column_id,LPLC2,LC4,LPLC1,LC17,LC12,LC18,LC21,LC11,LC25,LC15,sum
total,102,50,72,142,181,89,62,61,3,48,810
557,1,1,0,1,1,0,0,1,0,0,5
311,1,0,1,0,1,0,1,1,0,0,5
283,2,0,1,1,0,0,1,0,0,0,5
228,1,0,1,1,0,1,0,1,0,0,5
150,0,0,0,0,1,1,1,1,0,0,4
702,0,1,1,1,1,0,0,0,0,0,4
318,0,1,0,0,0,0,1,1,0,1,4
390,0,0,0,0,1,0,1,1,0,1,4
550,1,0,0,0,1,0,1,1,0,0,4
522,0,0,0,1,1,0,1,0,0,1,4
593,1,0,0,1,1,1,0,0,0,0,4
105,1,0,0,1,0,0,1,1,0,0,4
512,0,0,1,0,1,1,0,0,0,1,4
65,1,0,0,1,1,1,0,0,0,0,4
29,1,0,1,0,0,1,1,0,0,0,4
717,1,0,0,1,1,0,0,0,0,0,3
61,0,0,1,0,1,0,1,0,0,0,3
534,1,0,0,1,0,0,0,0,0,1,3
97,1,0,0,1,0,1,0,0,0,0,3
121,1,0,1,1,0,0,0,0,0,0,3
509,0,0,1,1,0,0,1,0,0,0,3
435,1,0,0,1,1,0,0,0,0,0,3
146,1,0,0,0,1,0,0,1,0,0,3
565,0,0,1,1,1,0,0,0,0,0,3
677,1,1,0,0,1,0,0,0,0,0,3
670,0,0,1,0,1,0,0,1,0,0,3
19,0,0,0,1,1,1,0,0,0,0,3
724,1,0,0,1,0,0,0,0,0,1,3
768,0,1,1,1,0,0,0,0,0,0,3
712,1,0,0,1,1,0,0,0,0,0,3
564,0,0,1,1,0,1,0,0,0,0,3
363,1,0,0,1,1,0,0,0,0,0,3
241,0,1,1,0,0,0,0,1,0,0,3
672,0,0,0,0,1,1,0,0,0,1,3
350,0,1,0,1,1,0,0,0,0,0,3
406,0,0,1,1,0,1,0,0,0,0,3
136,1,0,0,0,0,1,0,1,0,0,3
652,1,0,1,1,0,0,0,0,0,0,3
457,0,0,0,1,1,1,0,0,0,0,3
766,0,0,0,1,0,1,0,0,0,1,3
347,0,0,0,1,1,1,0,0,0,0,3
621,0,0,1,0,0,0,1,1,0,0,3
233,0,0,1,0,1,0,1,0,0,0,3
234,1,0,0,1,0,0,1,0,0,0,3
278,0,0,0,0,1,1,0,1,0,0,3
236,0,0,0,1,0,1,0,1,0,0,3
275,0,1,0,0,1,0,1,0,0,0,3
574,0,0,0,1,1,0,0,1,0,0,3
608,1,0,0,1,0,0,0,1,0,0,3
301,1,0,0,1,0,0,0,1,0,0,3
7,0,1,0,1,0,0,1,0,0,0,3
31,0,1,0,0,1,1,0,0,0,0,3
79,0,1,1,0,0,0,0,1,0,0,3
294,0,0,1,1,1,0,0,0,0,0,3
655,0,1,0,0,0,0,1,1,0,0,3
639,0,0,1,1,1,0,0,0,0,0,3
200,0,0,1,1,0,1,0,0,0,0,3
337,2,0,0,0,0,1,0,0,0,0,3
245,0,1,0,1,0,1,0,0,0,0,3
196,0,0,1,1,0,0,0,0,0,1,3
139,2,0,0,0,0,0,0,0,0,1,3
251,0,1,0,1,1,0,0,0,0,0,3
602,0,1,0,1,0,0,0,1,0,0,3
599,0,0,0,0,1,0,1,1,0,0,3
503,1,0,0,1,0,0,0,1,0,0,3
460,0,0,0,0,1,1,0,1,0,0,3
432,0,0,0,0,1,1,0,0,0,0,2
571,1,0,0,0,0,0,1,0,0,0,2
106,0,0,1,0,0,1,0,0,0,0,2
529,0,0,0,0,1,0,1,0,0,0,2
426,0,1,0,0,1,0,0,0,0,0,2
472,1,0,0,0,1,0,0,0,0,0,2
454,0,1,0,1,0,0,0,0,0,0,2
527,0,0,0,1,0,0,0,1,0,0,2
526,0,0,1,0,1,0,0,0,0,0,2
540,0,0,0,0,1,0,1,0,0,0,2
732,0,0,0,1,0,0,0,1,0,0,2
730,1,0,0,0,1,0,0,0,0,0,2
75,0,0,0,0,1,1,0,0,0,0,2
481,1,0,0,0,0,0,0,0,0,1,2
720,1,0,0,0,0,0,1,0,0,0,2
63,1,0,1,0,0,0,0,0,0,0,2
463,0,0,0,1,1,0,0,0,0,0,2
17,1,0,0,1,0,0,0,0,0,0,2
382,0,1,0,0,0,0,0,1,0,0,2
719,0,1,0,0,0,1,0,0,0,0,2
54,0,0,0,1,0,1,0,0,0,0,2
46,0,0,0,1,0,1,0,0,0,0,2
468,0,1,0,0,1,0,0,0,0,0,2
753,0,0,0,0,0,1,1,0,0,0,2
15,1,0,0,0,0,1,0,0,0,0,2
757,0,0,0,1,0,1,0,0,0,0,2
94,1,1,0,0,0,0,0,0,0,0,2
99,1,0,0,1,0,0,0,0,0,0,2
98,0,0,0,0,0,1,0,1,0,0,2
147,0,0,0,0,1,0,0,0,0,1,2
26,0,1,1,0,0,0,0,0,0,0,2
24,0,0,1,0,0,0,0,0,0,1,2
59,0,0,1,0,1,0,0,0,0,0,2
749,0,0,0,1,0,1,0,0,0,0,2
33,0,1,0,0,1,0,0,0,0,0,2
21,0,0,0,0,0,0,1,1,0,0,2
591,0,0,1,0,1,0,0,0,0,0,2
589,1,1,0,0,0,0,0,0,0,0,2
551,1,1,0,0,0,0,0,0,0,0,2
356,1,0,0,0,0,0,0,1,0,0,2
683,0,0,0,1,0,1,0,0,0,0,2
676,0,0,0,1,0,0,0,0,0,1,2
684,0,0,1,1,0,0,0,0,0,0,2
549,0,0,0,1,0,0,1,0,0,0,2
152,2,0,0,0,0,0,0,0,0,0,2
145,1,0,0,1,0,0,0,0,0,0,2
386,0,0,0,0,0,1,0,1,0,0,2
649,0,0,0,0,1,0,1,0,0,0,2
181,0,0,0,0,1,0,0,0,0,1,2
651,1,0,0,1,0,0,0,0,0,0,2
184,0,0,0,0,1,0,0,0,0,1,2
185,0,1,0,0,0,0,0,1,0,0,2
422,0,0,0,1,0,0,0,1,0,0,2
440,0,0,0,1,0,0,0,0,0,1,2
421,1,0,0,0,0,0,1,0,0,0,2
385,0,1,1,0,0,0,0,0,0,0,2
437,1,0,0,0,0,0,1,0,0,0,2
355,1,0,1,0,0,0,0,0,0,0,2
120,0,1,0,1,0,0,0,0,0,0,2
108,0,0,0,0,1,1,0,0,0,0,2
119,1,0,0,0,0,1,0,0,0,0,2
66,0,0,0,1,0,0,0,0,0,1,2
692,0,0,0,0,1,0,0,1,0,0,2
101,0,1,0,1,0,0,0,0,0,0,2
567,0,0,0,1,0,1,0,0,0,0,2
444,0,0,0,0,1,1,0,0,0,0,2
102,0,1,0,0,0,0,1,0,0,0,2
393,1,0,0,0,1,0,0,0,0,0,2
517,1,0,0,0,0,0,0,0,0,1,2
531,0,0,0,1,0,0,0,0,0,1,2
344,1,0,0,0,1,0,0,0,0,0,2
327,0,0,0,1,0,1,0,0,0,0,2
309,0,0,0,1,0,0,1,0,0,0,2
260,0,0,0,1,0,1,0,0,0,0,2
255,0,1,0,0,0,0,0,1,0,0,2
543,1,0,0,1,0,0,0,0,0,0,2
541,1,0,0,0,0,0,0,1,0,0,2
373,1,0,0,0,0,0,1,0,0,0,2
239,0,0,0,1,0,1,0,0,0,0,2
230,0,0,1,0,1,0,0,0,0,0,2
326,0,0,0,0,1,0,0,0,1,0,2
379,0,0,1,0,0,1,0,0,0,0,2
582,0,0,0,1,1,0,0,0,0,0,2
603,0,0,0,1,0,0,0,0,0,1,2
699,1,0,1,0,0,0,0,0,0,0,2
700,0,0,0,0,0,1,0,1,0,0,2
687,0,0,1,0,0,0,0,1,0,0,2
377,0,0,0,0,1,1,0,0,0,0,2
545,0,0,0,0,1,0,1,0,0,0,2
546,1,0,0,0,0,0,0,0,0,1,2
581,0,0,0,0,1,0,0,0,0,1,2
556,0,0,0,1,0,0,0,0,0,1,2
219,0,0,0,1,0,0,0,0,0,1,2
199,0,1,0,1,0,0,0,0,0,0,2
654,1,0,0,0,0,0,0,0,0,1,2
653,0,0,0,1,0,0,1,0,0,0,2
168,0,0,1,1,0,0,0,0,0,0,2
170,1,0,0,0,0,0,0,1,0,0,2
158,0,0,0,1,0,0,1,0,0,0,2
668,0,0,0,0,1,0,0,1,0,0,2
299,1,0,0,0,1,0,0,0,0,0,2
292,0,0,0,0,0,1,0,0,0,1,2
334,0,0,0,0,1,0,0,0,0,1,2
333,0,1,0,0,0,1,0,0,0,0,2
287,0,0,0,0,1,0,1,0,0,0,2
289,1,0,0,0,1,0,0,0,0,0,2
291,0,0,0,1,0,1,0,0,0,0,2
336,0,0,0,0,1,1,0,0,0,0,2
125,1,0,0,1,0,0,0,0,0,0,2
137,0,0,0,0,0,0,1,1,0,0,2
246,0,1,0,1,0,0,0,0,0,0,2
335,0,1,0,0,0,1,0,0,0,0,2
127,0,0,0,1,0,0,0,1,0,0,2
237,0,1,0,0,0,0,0,0,0,1,2
195,0,0,0,1,0,0,0,1,0,0,2
209,0,0,0,1,1,0,0,0,0,0,2
238,0,0,1,0,1,0,0,0,0,0,2
605,0,0,0,0,2,0,0,0,0,0,2
607,0,0,0,0,0,1,1,0,0,0,2
189,1,0,0,0,1,0,0,0,0,0,2
587,0,0,0,1,1,0,0,0,0,0,2
630,0,0,0,0,1,1,0,0,0,0,2
625,0,0,0,0,0,0,1,1,0,0,2
626,0,0,0,1,1,0,0,0,0,0,2
223,0,0,0,0,1,0,0,1,0,0,2
662,1,0,0,1,0,0,0,0,0,0,2
613,0,0,0,0,1,1,0,0,0,0,2
232,0,0,0,0,1,1,0,0,0,0,2
628,1,0,0,0,0,0,1,0,0,0,2
282,0,0,0,1,0,0,1,0,0,0,2
263,0,0,0,0,0,0,1,0,0,1,2
635,0,0,0,0,1,1,0,0,0,0,2
227,1,0,0,1,0,0,0,0,0,0,2
256,0,0,0,1,0,1,0,0,0,0,2
302,1,0,0,0,0,0,1,0,0,0,2
261,0,0,0,1,1,0,0,0,0,0,2
306,0,0,0,0,1,0,1,0,0,0,2
308,1,0,0,1,0,0,0,0,0,0,2
585,1,0,0,0,0,0,0,1,0,0,2
305,0,0,1,0,1,0,0,0,0,0,2
69,0,0,0,0,1,0,0,0,0,1,2
190,1,0,0,0,0,0,1,0,0,0,2
738,0,0,0,1,0,0,0,1,0,0,2
274,1,0,0,0,0,0,1,0,0,0,2
80,0,0,0,1,1,0,0,0,0,0,2
81,1,0,0,1,0,0,0,0,0,0,2
84,0,0,0,1,0,1,0,0,0,0,2
739,0,0,0,0,1,0,0,1,0,0,2
745,0,0,1,0,1,0,0,0,0,0,2
744,1,0,0,1,0,0,0,0,0,0,2
87,0,0,0,0,1,0,1,0,0,0,2
740,0,0,0,0,1,0,1,0,0,0,2
58,0,0,0,1,1,0,0,0,0,0,2
77,1,0,0,0,1,0,0,0,0,0,2
91,1,1,0,0,0,0,0,0,0,0,2
55,1,0,0,0,0,0,1,0,0,0,2
506,0,0,0,0,1,1,0,0,0,0,2
479,1,0,0,0,1,0,0,0,0,0,2
452,0,0,0,1,0,1,0,0,0,0,2
765,0,0,1,0,0,0,1,0,0,0,2
746,0,0,0,1,1,0,0,0,0,0,2
12,0,0,0,0,1,0,0,1,0,0,2
458,0,0,0,0,1,1,0,0,0,0,2
43,0,1,0,0,1,0,0,0,0,0,2
36,1,0,0,0,0,0,0,0,0,0,1
3,0,0,0,1,0,0,0,0,0,0,1
6,0,0,0,1,0,0,0,0,0,0,1
8,0,0,0,0,1,0,0,0,0,0,1
9,0,0,0,0,1,0,0,0,0,0,1
10,0,0,0,0,0,1,0,0,0,0,1
42,0,0,0,0,0,0,0,1,0,0,1
501,0,0,0,0,1,0,0,0,0,0,1
456,0,0,0,1,0,0,0,0,0,0,1
480,0,0,0,0,0,0,0,0,0,1,1
483,0,0,0,1,0,0,0,0,0,0,1
731,1,0,0,0,0,0,0,0,0,0,1
718,0,0,0,0,0,1,0,0,0,0,1
673,0,0,0,0,1,0,0,0,0,0,1
76,0,0,0,0,1,0,0,0,0,0,1
710,0,0,0,0,1,0,0,0,0,0,1
711,0,0,0,0,1,0,0,0,0,0,1
414,0,0,0,0,0,1,0,0,0,0,1
453,0,0,0,0,1,0,0,0,0,0,1
473,0,0,0,1,0,0,0,0,0,0,1
474,0,0,0,0,0,0,0,1,0,0,1
498,0,1,0,0,0,0,0,0,0,0,1
499,0,0,0,0,0,1,0,0,0,0,1
500,0,0,0,0,1,0,0,0,0,0,1
525,0,0,0,1,0,0,0,0,0,0,1
536,0,0,0,0,1,0,0,0,0,0,1
537,0,0,0,1,0,0,0,0,0,0,1
419,0,0,0,0,1,0,0,0,0,0,1
469,0,1,0,0,0,0,0,0,0,0,1
470,0,0,0,1,0,0,0,0,0,0,1
471,0,0,0,0,1,0,0,0,0,0,1
427,0,0,1,0,0,0,0,0,0,0,1
413,0,0,0,0,1,0,0,0,0,0,1
434,0,0,0,0,1,0,0,0,0,0,1
572,0,0,0,0,0,0,0,0,0,1,1
513,0,0,0,1,0,0,0,0,0,0,1
514,0,0,0,1,0,0,0,0,0,0,1
566,0,0,0,0,1,0,0,0,0,0,1
528,1,0,0,0,0,0,0,0,0,0,1
530,0,0,0,1,0,0,0,0,0,0,1
518,0,0,0,0,0,1,0,0,0,0,1
262,0,0,0,0,1,0,0,0,0,0,1
284,1,0,0,0,0,0,0,0,0,0,1
586,0,0,1,0,0,0,0,0,0,0,1
588,0,1,0,0,0,0,0,0,0,0,1
632,0,0,0,1,0,0,0,0,0,0,1
634,0,0,1,0,0,0,0,0,0,0,1
636,0,0,0,1,0,0,0,0,0,0,1
622,0,0,0,0,1,0,0,0,0,0,1
661,0,0,0,0,1,0,0,0,0,0,1
616,0,0,1,0,0,0,0,0,0,0,1
619,1,0,0,0,0,0,0,0,0,0,1
624,0,0,0,0,1,0,0,0,0,0,1
627,0,0,0,1,0,0,0,0,0,0,1
614,0,1,0,0,0,0,0,0,0,0,1
235,0,0,0,0,0,0,0,1,0,0,1
222,0,0,0,0,1,0,0,0,0,0,1
631,0,0,0,1,0,0,0,0,0,0,1
584,0,0,0,0,0,0,0,0,0,1,1
242,0,1,0,0,0,0,0,0,0,0,1
243,0,0,0,0,1,0,0,0,0,0,1
244,0,0,0,0,1,0,0,0,0,0,1
609,0,0,0,0,0,0,1,0,0,0,1
610,0,0,0,0,0,0,0,1,0,0,1
611,0,0,1,0,0,0,0,0,0,0,1
316,0,0,1,0,0,0,0,0,0,0,1
257,0,0,0,1,0,0,0,0,0,0,1
258,0,0,0,0,0,0,1,0,0,0,1
259,0,0,0,0,0,1,0,0,0,0,1
304,0,0,0,1,0,0,0,0,0,0,1
295,0,0,0,0,1,0,0,0,0,0,1
312,0,0,1,0,0,0,0,0,0,0,1
579,0,0,1,0,0,0,0,0,0,0,1
264,0,0,0,1,0,0,0,0,0,0,1
265,0,0,0,0,0,0,1,0,0,0,1
266,0,0,0,0,0,1,0,0,0,0,1
253,0,0,0,0,1,0,0,0,0,0,1
366,0,0,1,0,0,0,0,0,0,0,1
367,0,0,1,0,0,0,0,0,0,0,1
320,0,0,0,0,1,0,0,0,0,0,1
323,0,0,0,0,1,0,0,0,0,0,1
210,0,0,0,0,1,0,0,0,0,0,1
247,0,0,0,0,1,0,0,0,0,0,1
204,0,0,0,1,0,0,0,0,0,0,1
249,0,0,0,1,0,0,0,0,0,0,1
250,0,0,0,0,1,0,0,0,0,0,1
193,0,0,0,0,0,0,0,0,0,1,1
606,0,0,0,1,0,0,0,0,0,0,1
240,0,0,0,1,0,0,0,0,0,0,1
338,0,0,0,0,1,0,0,0,0,0,1
339,0,0,0,1,0,0,0,0,0,0,1
340,0,0,0,0,0,0,1,0,0,0,1
205,0,0,0,0,1,0,0,0,0,0,1
160,0,0,1,0,0,0,0,0,0,0,1
161,0,0,0,0,0,0,0,1,0,0,1
138,0,0,0,0,0,1,0,0,0,0,1
140,0,0,0,1,0,0,0,0,0,0,1
577,0,0,0,0,0,1,0,0,0,0,1
578,1,0,0,0,0,0,0,0,0,0,1
342,0,0,0,0,1,0,0,0,0,0,1
298,0,0,0,1,0,0,0,0,0,0,1
300,0,0,0,1,0,0,0,0,0,0,1
596,0,0,0,1,0,0,0,0,0,0,1
346,0,0,0,0,0,1,0,0,0,0,1
348,0,0,0,0,0,1,0,0,0,0,1
172,0,0,0,0,0,0,0,0,0,1,1
157,1,0,0,0,0,0,0,0,0,0,1
197,1,0,0,0,0,0,0,0,0,0,1
216,0,0,0,0,0,1,0,0,0,0,1
220,0,0,1,0,0,0,0,0,0,0,1
552,0,0,0,0,0,0,1,0,0,0,1
600,0,0,1,0,0,0,0,0,0,0,1
604,0,0,0,0,0,1,0,0,0,0,1
695,1,0,0,0,0,0,0,0,0,0,1
658,0,0,0,0,0,1,0,0,0,0,1
659,0,0,0,0,1,0,0,0,0,0,1
647,0,0,0,0,0,0,0,0,0,1,1
163,0,0,0,0,1,0,0,0,0,0,1
214,0,0,0,0,1,0,0,0,0,0,1
169,0,0,0,0,0,1,0,0,0,0,1
171,0,0,0,0,1,0,0,0,0,0,1
547,0,0,0,0,0,0,1,0,0,0,1
597,0,0,0,0,1,0,0,0,0,0,1
177,0,0,0,0,1,0,0,0,0,0,1
178,0,0,0,0,0,0,0,1,0,0,1
698,0,0,0,0,0,0,0,0,0,1,1
641,0,0,0,1,0,0,0,0,0,0,1
642,0,0,1,0,0,0,0,0,0,0,1
693,0,0,0,1,0,0,0,0,0,0,1
324,0,0,0,0,0,1,0,0,0,0,1
375,0,0,1,0,0,0,0,0,0,0,1
371,0,0,0,0,0,1,0,0,0,0,1
372,0,0,0,0,1,0,0,0,0,0,1
358,1,0,0,0,0,0,0,0,0,0,1
359,0,0,0,0,1,0,0,0,0,0,1
378,0,0,0,0,1,0,0,0,0,0,1
544,0,0,0,0,0,0,0,0,1,0,1
166,1,0,0,0,0,0,0,0,0,0,1
167,0,0,0,0,0,1,0,0,0,0,1
186,0,0,0,0,0,1,0,0,0,0,1
187,0,0,1,0,0,0,0,0,0,0,1
188,0,0,0,0,1,0,0,0,0,0,1
650,0,0,0,0,1,0,0,0,0,0,1
637,0,0,0,0,1,0,0,0,0,0,1
398,0,0,0,0,1,0,0,0,0,0,1
669,0,0,0,0,1,0,0,0,0,0,1
174,0,0,0,0,0,0,0,0,0,1,1
175,0,0,1,0,0,0,0,0,0,0,1
129,0,0,0,0,1,0,0,0,0,0,1
130,1,0,0,0,0,0,0,0,0,0,1
131,0,0,0,0,1,0,0,0,0,0,1
183,0,0,1,0,0,0,0,0,0,0,1
165,0,0,0,0,0,1,0,0,0,0,1
391,1,0,0,0,0,0,0,0,0,0,1
408,0,0,0,1,0,0,0,0,0,0,1
410,1,0,0,0,0,0,0,0,0,0,1
397,1,0,0,0,0,0,0,0,0,0,1
142,0,0,0,1,0,0,0,0,0,0,1
143,0,0,0,0,0,0,0,0,0,1,1
674,0,0,0,1,0,0,0,0,0,0,1
682,0,0,1,0,0,0,0,0,0,0,1
560,0,0,0,0,1,0,0,0,0,0,1
561,0,0,0,1,0,0,0,0,0,0,1
562,0,0,0,0,1,0,0,0,0,0,1
563,0,0,0,0,0,1,0,0,0,0,1
405,1,0,0,0,0,0,0,0,0,0,1
360,0,0,0,1,0,0,0,0,0,0,1
364,0,0,0,0,0,0,0,1,0,0,1
351,0,0,1,0,0,0,0,0,0,0,1
678,0,0,0,0,1,0,0,0,0,0,1
679,0,0,0,0,0,0,1,0,0,0,1
96,0,0,0,0,0,0,0,1,0,0,1
149,0,0,0,0,0,0,0,0,0,1,1
148,0,0,1,0,0,0,0,0,0,0,1
133,1,0,0,0,0,0,0,0,0,0,1
135,0,0,1,0,0,0,0,0,0,0,1
433,0,0,0,0,1,0,0,0,0,0,1
510,0,0,0,0,1,0,0,0,0,0,1
118,0,0,0,0,0,0,1,0,0,0,1
735,0,1,0,0,0,0,0,0,0,0,1
112,0,0,0,0,1,0,0,0,0,0,1
113,0,1,0,0,0,0,0,0,0,0,1
122,0,0,0,0,0,0,0,1,0,0,1
93,0,1,0,0,0,0,0,0,0,0,1
689,0,0,0,0,1,0,0,0,0,0,1
431,0,0,0,1,0,0,0,0,0,0,1
384,0,0,0,0,1,0,0,0,0,0,1
438,0,0,0,0,1,0,0,0,0,0,1
394,0,0,0,0,1,0,0,0,0,0,1
436,0,0,0,0,0,0,0,0,0,1,1
443,0,0,0,0,0,0,1,0,0,0,1
429,0,0,0,0,1,0,0,0,0,0,1
520,0,0,1,0,0,0,0,0,0,0,1
352,0,0,1,0,0,0,0,0,0,0,1
329,0,0,0,0,1,0,0,0,0,0,1
330,0,0,0,0,0,1,0,0,0,0,1
331,0,0,0,1,0,0,0,0,0,0,1
317,0,0,0,1,0,0,0,0,0,0,1
401,0,0,0,0,1,0,0,0,0,0,1
404,0,1,0,0,0,0,0,0,0,0,1
389,0,0,0,0,1,0,0,0,0,0,1
786,0,0,0,0,0,0,0,0,0,1,1
775,0,0,0,0,1,0,0,0,0,0,1
704,0,0,1,0,0,0,0,0,0,0,1
707,0,0,0,0,1,0,0,0,0,0,1
790,0,0,1,0,0,0,0,0,0,0,1
32,0,0,0,0,0,1,0,0,0,0,1
701,0,0,0,0,1,0,0,0,0,0,1
459,0,0,0,0,1,0,0,0,0,0,1
742,0,0,0,1,0,0,0,0,0,0,1
760,1,0,0,0,0,0,0,0,0,0,1
761,0,0,1,0,0,0,0,0,0,0,1
751,0,0,0,1,0,0,0,0,0,0,1
770,1,0,0,0,0,0,0,0,0,0,1
88,0,0,0,0,1,0,0,0,0,0,1
89,0,0,0,0,0,0,0,0,0,1,1
90,0,0,0,0,1,0,0,0,0,0,1
383,0,1,0,0,0,0,0,0,0,0,1
464,0,0,0,0,1,0,0,0,0,0,1
465,0,0,0,0,1,0,0,0,0,0,1
466,0,0,0,0,0,0,1,0,0,0,1
20,0,0,0,1,0,0,0,0,0,0,1
40,0,0,0,0,0,0,0,1,0,0,1
752,0,0,0,0,1,0,0,0,0,0,1
741,0,0,0,0,0,0,1,0,0,0,1
124,0,0,0,0,1,0,0,0,0,0,1
109,0,0,0,0,0,1,0,0,0,0,1
110,0,0,0,1,0,0,0,0,0,0,1
64,0,0,0,0,1,0,0,0,0,0,1
475,0,0,0,0,0,1,0,0,0,0,1
416,0,0,0,0,1,0,0,0,0,0,1
395,0,0,0,0,1,0,0,0,0,0,1
396,0,0,0,0,0,1,0,0,0,0,1
82,0,0,0,0,0,0,0,0,0,1,1
269,0,0,0,0,1,0,0,0,0,0,1
270,0,0,0,0,0,0,0,0,0,1,1
191,1,0,0,0,0,0,0,0,0,0,1
272,0,0,0,0,0,0,0,0,0,1,1
273,0,0,0,0,0,0,0,0,0,1,1
276,0,0,0,0,1,0,0,0,0,0,1
314,0,0,0,0,0,0,0,0,1,0,1
39,0,1,0,0,0,0,0,0,0,0,1
56,0,0,1,0,0,0,0,0,0,0,1
747,0,0,1,0,0,0,0,0,0,0,1
748,0,0,0,0,1,0,0,0,0,0,1
733,0,0,0,1,0,0,0,0,0,0,1
78,1,0,0,0,0,0,0,0,0,0,1
736,1,0,0,0,0,0,0,0,0,0,1
737,0,0,0,0,1,0,0,0,0,0,1
489,0,0,0,0,1,0,0,0,0,0,1
492,0,0,0,0,0,1,0,0,0,0,1
477,1,0,0,0,0,0,0,0,0,0,1
446,0,0,0,0,0,0,1,0,0,0,1
50,0,0,0,0,0,1,0,0,0,0,1
51,0,0,0,0,0,0,0,1,0,0,1
52,0,0,0,0,0,0,1,0,0,0,1
38,0,0,0,0,0,0,0,1,0,0,1
445,0,0,0,1,0,0,0,0,0,0,1
485,0,0,1,0,0,0,0,0,0,0,1
486,0,0,0,0,1,0,0,0,0,0,1
493,0,1,0,0,0,0,0,0,0,0,1
494,0,0,0,0,1,0,0,0,0,0,1
449,0,0,0,0,1,0,0,0,0,0,1
451,0,0,0,0,0,1,0,0,0,0,1
488,0,0,0,0,1,0,0,0,0,0,1
796,0,0,0,0,0,0,0,0,0,0,0
16,0,0,0,0,0,0,0,0,0,0,0
18,0,0,0,0,0,0,0,0,0,0,0
22,0,0,0,0,0,0,0,0,0,0,0
23,0,0,0,0,0,0,0,0,0,0,0
25,0,0,0,0,0,0,0,0,0,0,0
27,0,0,0,0,0,0,0,0,0,0,0
758,0,0,0,0,0,0,0,0,0,0,0
759,0,0,0,0,0,0,0,0,0,0,0
762,0,0,0,0,0,0,0,0,0,0,0
763,0,0,0,0,0,0,0,0,0,0,0
764,0,0,0,0,0,0,0,0,0,0,0
750,0,0,0,0,0,0,0,0,0,0,0
83,0,0,0,0,0,0,0,0,0,0,0
70,0,0,0,0,0,0,0,0,0,0,0
71,0,0,0,0,0,0,0,0,0,0,0
713,0,0,0,0,0,0,0,0,0,0,0
714,0,0,0,0,0,0,0,0,0,0,0
715,0,0,0,0,0,0,0,0,0,0,0
716,0,0,0,0,0,0,0,0,0,0,0
703,0,0,0,0,0,0,0,0,0,0,0
114,0,0,0,0,0,0,0,0,0,0,0
115,0,0,0,0,0,0,0,0,0,0,0
116,0,0,0,0,0,0,0,0,0,0,0
103,0,0,0,0,0,0,0,0,0,0,0
734,0,0,0,0,0,0,0,0,0,0,0
85,0,0,0,0,0,0,0,0,0,0,0
86,0,0,0,0,0,0,0,0,0,0,0
92,0,0,0,0,0,0,0,0,0,0,0
73,0,0,0,0,0,0,0,0,0,0,0
74,0,0,0,0,0,0,0,0,0,0,0
62,0,0,0,0,0,0,0,0,0,0,0
67,0,0,0,0,0,0,0,0,0,0,0
68,0,0,0,0,0,0,0,0,0,0,0
117,0,0,0,0,0,0,0,0,0,0,0
123,0,0,0,0,0,0,0,0,0,0,0
111,0,0,0,0,0,0,0,0,0,0,0
727,0,0,0,0,0,0,0,0,0,0,0
728,0,0,0,0,0,0,0,0,0,0,0
729,0,0,0,0,0,0,0,0,0,0,0
721,0,0,0,0,0,0,0,0,0,0,0
722,0,0,0,0,0,0,0,0,0,0,0
723,0,0,0,0,0,0,0,0,0,0,0
709,0,0,0,0,0,0,0,0,0,0,0
72,0,0,0,0,0,0,0,0,0,0,0
381,0,0,0,0,0,0,0,0,0,0,0
387,0,0,0,0,0,0,0,0,0,0,0
388,0,0,0,0,0,0,0,0,0,0,0
439,0,0,0,0,0,0,0,0,0,0,0
441,0,0,0,0,0,0,0,0,0,0,0
442,0,0,0,0,0,0,0,0,0,0,0
430,0,0,0,0,0,0,0,0,0,0,0
423,0,0,0,0,0,0,0,0,0,0,0
418,0,0,0,0,0,0,0,0,0,0,0
420,0,0,0,0,0,0,0,0,0,0,0
476,0,0,0,0,0,0,0,0,0,0,0
461,0,0,0,0,0,0,0,0,0,0,0
462,0,0,0,0,0,0,0,0,0,0,0
467,0,0,0,0,0,0,0,0,0,0,0
455,0,0,0,0,0,0,0,0,0,0,0
392,0,0,0,0,0,0,0,0,0,0,0
539,0,0,0,0,0,0,0,0,0,0,0
532,0,0,0,0,0,0,0,0,0,0,0
519,0,0,0,0,0,0,0,0,0,0,0
424,0,0,0,0,0,0,0,0,0,0,0
425,0,0,0,0,0,0,0,0,0,0,0
428,0,0,0,0,0,0,0,0,0,0,0
415,0,0,0,0,0,0,0,0,0,0,0
417,0,0,0,0,0,0,0,0,0,0,0
490,0,0,0,0,0,0,0,0,0,0,0
491,0,0,0,0,0,0,0,0,0,0,0
478,0,0,0,0,0,0,0,0,0,0,0
482,0,0,0,0,0,0,0,0,0,0,0
484,0,0,0,0,0,0,0,0,0,0,0
533,0,0,0,0,0,0,0,0,0,0,0
535,0,0,0,0,0,0,0,0,0,0,0
538,0,0,0,0,0,0,0,0,0,0,0
328,0,0,0,0,0,0,0,0,0,0,0
332,0,0,0,0,0,0,0,0,0,0,0
319,0,0,0,0,0,0,0,0,0,0,0
321,0,0,0,0,0,0,0,0,0,0,0
322,0,0,0,0,0,0,0,0,0,0,0
374,0,0,0,0,0,0,0,0,0,0,0
376,0,0,0,0,0,0,0,0,0,0,0
380,0,0,0,0,0,0,0,0,0,0,0
407,0,0,0,0,0,0,0,0,0,0,0
409,0,0,0,0,0,0,0,0,0,0,0
411,0,0,0,0,0,0,0,0,0,0,0
412,0,0,0,0,0,0,0,0,0,0,0
399,0,0,0,0,0,0,0,0,0,0,0
400,0,0,0,0,0,0,0,0,0,0,0
402,0,0,0,0,0,0,0,0,0,0,0
403,0,0,0,0,0,0,0,0,0,0,0
570,0,0,0,0,0,0,0,0,0,0,0
558,0,0,0,0,0,0,0,0,0,0,0
559,0,0,0,0,0,0,0,0,0,0,0
361,0,0,0,0,0,0,0,0,0,0,0
362,0,0,0,0,0,0,0,0,0,0,0
349,0,0,0,0,0,0,0,0,0,0,0
353,0,0,0,0,0,0,0,0,0,0,0
354,0,0,0,0,0,0,0,0,0,0,0
521,0,0,0,0,0,0,0,0,0,0,0
523,0,0,0,0,0,0,0,0,0,0,0
524,0,0,0,0,0,0,0,0,0,0,0
511,0,0,0,0,0,0,0,0,0,0,0
515,0,0,0,0,0,0,0,0,0,0,0
516,0,0,0,0,0,0,0,0,0,0,0
568,0,0,0,0,0,0,0,0,0,0,0
569,0,0,0,0,0,0,0,0,0,0,0
343,0,0,0,0,0,0,0,0,0,0,0
345,0,0,0,0,0,0,0,0,0,0,0
325,0,0,0,0,0,0,0,0,0,0,0
267,0,0,0,0,0,0,0,0,0,0,0
268,0,0,0,0,0,0,0,0,0,0,0
254,0,0,0,0,0,0,0,0,0,0,0
310,0,0,0,0,0,0,0,0,0,0,0
313,0,0,0,0,0,0,0,0,0,0,0
583,0,0,0,0,0,0,0,0,0,0,0
296,0,0,0,0,0,0,0,0,0,0,0
297,0,0,0,0,0,0,0,0,0,0,0
285,0,0,0,0,0,0,0,0,0,0,0
286,0,0,0,0,0,0,0,0,0,0,0
288,0,0,0,0,0,0,0,0,0,0,0
290,0,0,0,0,0,0,0,0,0,0,0
341,0,0,0,0,0,0,0,0,0,0,0
542,0,0,0,0,0,0,0,0,0,0,0
548,0,0,0,0,0,0,0,0,0,0,0
598,0,0,0,0,0,0,0,0,0,0,0
601,0,0,0,0,0,0,0,0,0,0,0
590,0,0,0,0,0,0,0,0,0,0,0
592,0,0,0,0,0,0,0,0,0,0,0
594,0,0,0,0,0,0,0,0,0,0,0
595,0,0,0,0,0,0,0,0,0,0,0
365,0,0,0,0,0,0,0,0,0,0,0
368,0,0,0,0,0,0,0,0,0,0,0
369,0,0,0,0,0,0,0,0,0,0,0
370,0,0,0,0,0,0,0,0,0,0,0
357,0,0,0,0,0,0,0,0,0,0,0
553,0,0,0,0,0,0,0,0,0,0,0
554,0,0,0,0,0,0,0,0,0,0,0
555,0,0,0,0,0,0,0,0,0,0,0
192,0,0,0,0,0,0,0,0,0,0,0
194,0,0,0,0,0,0,0,0,0,0,0
248,0,0,0,0,0,0,0,0,0,0,0
252,0,0,0,0,0,0,0,0,0,0,0
229,0,0,0,0,0,0,0,0,0,0,0
231,0,0,0,0,0,0,0,0,0,0,0
617,0,0,0,0,0,0,0,0,0,0,0
618,0,0,0,0,0,0,0,0,0,0,0
277,0,0,0,0,0,0,0,0,0,0,0
279,0,0,0,0,0,0,0,0,0,0,0
280,0,0,0,0,0,0,0,0,0,0,0
281,0,0,0,0,0,0,0,0,0,0,0
271,0,0,0,0,0,0,0,0,0,0,0
201,0,0,0,0,0,0,0,0,0,0,0
202,0,0,0,0,0,0,0,0,0,0,0
203,0,0,0,0,0,0,0,0,0,0,0
629,0,0,0,0,0,0,0,0,0,0,0
633,0,0,0,0,0,0,0,0,0,0,0
623,0,0,0,0,0,0,0,0,0,0,0
615,0,0,0,0,0,0,0,0,0,0,0
221,0,0,0,0,0,0,0,0,0,0,0
224,0,0,0,0,0,0,0,0,0,0,0
225,0,0,0,0,0,0,0,0,0,0,0
226,0,0,0,0,0,0,0,0,0,0,0
315,0,0,0,0,0,0,0,0,0,0,0
303,0,0,0,0,0,0,0,0,0,0,0
307,0,0,0,0,0,0,0,0,0,0,0
293,0,0,0,0,0,0,0,0,0,0,0
573,0,0,0,0,0,0,0,0,0,0,0
575,0,0,0,0,0,0,0,0,0,0,0
576,0,0,0,0,0,0,0,0,0,0,0
580,0,0,0,0,0,0,0,0,0,0,0
198,0,0,0,0,0,0,0,0,0,0,0
126,0,0,0,0,0,0,0,0,0,0,0
128,0,0,0,0,0,0,0,0,0,0,0
132,0,0,0,0,0,0,0,0,0,0,0
182,0,0,0,0,0,0,0,0,0,0,0
173,0,0,0,0,0,0,0,0,0,0,0
176,0,0,0,0,0,0,0,0,0,0,0
179,0,0,0,0,0,0,0,0,0,0,0
215,0,0,0,0,0,0,0,0,0,0,0
217,0,0,0,0,0,0,0,0,0,0,0
218,0,0,0,0,0,0,0,0,0,0,0
206,0,0,0,0,0,0,0,0,0,0,0
207,0,0,0,0,0,0,0,0,0,0,0
208,0,0,0,0,0,0,0,0,0,0,0
211,0,0,0,0,0,0,0,0,0,0,0
212,0,0,0,0,0,0,0,0,0,0,0
657,0,0,0,0,0,0,0,0,0,0,0
660,0,0,0,0,0,0,0,0,0,0,0
645,0,0,0,0,0,0,0,0,0,0,0
646,0,0,0,0,0,0,0,0,0,0,0
159,0,0,0,0,0,0,0,0,0,0,0
162,0,0,0,0,0,0,0,0,0,0,0
164,0,0,0,0,0,0,0,0,0,0,0
213,0,0,0,0,0,0,0,0,0,0,0
620,0,0,0,0,0,0,0,0,0,0,0
612,0,0,0,0,0,0,0,0,0,0,0
663,0,0,0,0,0,0,0,0,0,0,0
664,0,0,0,0,0,0,0,0,0,0,0
665,0,0,0,0,0,0,0,0,0,0,0
666,0,0,0,0,0,0,0,0,0,0,0
667,0,0,0,0,0,0,0,0,0,0,0
656,0,0,0,0,0,0,0,0,0,0,0
144,0,0,0,0,0,0,0,0,0,0,0
134,0,0,0,0,0,0,0,0,0,0,0
680,0,0,0,0,0,0,0,0,0,0,0
681,0,0,0,0,0,0,0,0,0,0,0
671,0,0,0,0,0,0,0,0,0,0,0
675,0,0,0,0,0,0,0,0,0,0,0
725,0,0,0,0,0,0,0,0,0,0,0
726,0,0,0,0,0,0,0,0,0,0,0
95,0,0,0,0,0,0,0,0,0,0,0
100,0,0,0,0,0,0,0,0,0,0,0
151,0,0,0,0,0,0,0,0,0,0,0
153,0,0,0,0,0,0,0,0,0,0,0
154,0,0,0,0,0,0,0,0,0,0,0
155,0,0,0,0,0,0,0,0,0,0,0
156,0,0,0,0,0,0,0,0,0,0,0
141,0,0,0,0,0,0,0,0,0,0,0
697,0,0,0,0,0,0,0,0,0,0,0
685,0,0,0,0,0,0,0,0,0,0,0
686,0,0,0,0,0,0,0,0,0,0,0
688,0,0,0,0,0,0,0,0,0,0,0
690,0,0,0,0,0,0,0,0,0,0,0
691,0,0,0,0,0,0,0,0,0,0,0
104,0,0,0,0,0,0,0,0,0,0,0
107,0,0,0,0,0,0,0,0,0,0,0
180,0,0,0,0,0,0,0,0,0,0,0
648,0,0,0,0,0,0,0,0,0,0,0
638,0,0,0,0,0,0,0,0,0,0,0
640,0,0,0,0,0,0,0,0,0,0,0
643,0,0,0,0,0,0,0,0,0,0,0
644,0,0,0,0,0,0,0,0,0,0,0
694,0,0,0,0,0,0,0,0,0,0,0
696,0,0,0,0,0,0,0,0,0,0,0
5,0,0,0,0,0,0,0,0,0,0,0
30,0,0,0,0,0,0,0,0,0,0,0
4,0,0,0,0,0,0,0,0,0,0,0
2,0,0,0,0,0,0,0,0,0,0,0
1,0,0,0,0,0,0,0,0,0,0,0
34,0,0,0,0,0,0,0,0,0,0,0
35,0,0,0,0,0,0,0,0,0,0,0
754,0,0,0,0,0,0,0,0,0,0,0
788,0,0,0,0,0,0,0,0,0,0,0
773,0,0,0,0,0,0,0,0,0,0,0
774,0,0,0,0,0,0,0,0,0,0,0
14,0,0,0,0,0,0,0,0,0,0,0
41,0,0,0,0,0,0,0,0,0,0,0
13,0,0,0,0,0,0,0,0,0,0,0
11,0,0,0,0,0,0,0,0,0,0,0
44,0,0,0,0,0,0,0,0,0,0,0
795,0,0,0,0,0,0,0,0,0,0,0
28,0,0,0,0,0,0,0,0,0,0,0
781,0,0,0,0,0,0,0,0,0,0,0
782,0,0,0,0,0,0,0,0,0,0,0
783,0,0,0,0,0,0,0,0,0,0,0
784,0,0,0,0,0,0,0,0,0,0,0
785,0,0,0,0,0,0,0,0,0,0,0
787,0,0,0,0,0,0,0,0,0,0,0
705,0,0,0,0,0,0,0,0,0,0,0
706,0,0,0,0,0,0,0,0,0,0,0
708,0,0,0,0,0,0,0,0,0,0,0
789,0,0,0,0,0,0,0,0,0,0,0
791,0,0,0,0,0,0,0,0,0,0,0
792,0,0,0,0,0,0,0,0,0,0,0
793,0,0,0,0,0,0,0,0,0,0,0
794,0,0,0,0,0,0,0,0,0,0,0
504,0,0,0,0,0,0,0,0,0,0,0
505,0,0,0,0,0,0,0,0,0,0,0
507,0,0,0,0,0,0,0,0,0,0,0
508,0,0,0,0,0,0,0,0,0,0,0
495,0,0,0,0,0,0,0,0,0,0,0
496,0,0,0,0,0,0,0,0,0,0,0
497,0,0,0,0,0,0,0,0,0,0,0
487,0,0,0,0,0,0,0,0,0,0,0
47,0,0,0,0,0,0,0,0,0,0,0
48,0,0,0,0,0,0,0,0,0,0,0
49,0,0,0,0,0,0,0,0,0,0,0
37,0,0,0,0,0,0,0,0,0,0,0
447,0,0,0,0,0,0,0,0,0,0,0
448,0,0,0,0,0,0,0,0,0,0,0
450,0,0,0,0,0,0,0,0,0,0,0
502,0,0,0,0,0,0,0,0,0,0,0
767,0,0,0,0,0,0,0,0,0,0,0
769,0,0,0,0,0,0,0,0,0,0,0
771,0,0,0,0,0,0,0,0,0,0,0
772,0,0,0,0,0,0,0,0,0,0,0
53,0,0,0,0,0,0,0,0,0,0,0
57,0,0,0,0,0,0,0,0,0,0,0
60,0,0,0,0,0,0,0,0,0,0,0
45,0,0,0,0,0,0,0,0,0,0,0
755,0,0,0,0,0,0,0,0,0,0,0
756,0,0,0,0,0,0,0,0,0,0,0
743,0,0,0,0,0,0,0,0,0,0,0
776,0,0,0,0,0,0,0,0,0,0,0
777,0,0,0,0,0,0,0,0,0,0,0
778,0,0,0,0,0,0,0,0,0,0,0
779,0,0,0,0,0,0,0,0,0,0,0
780,0,0,0,0,0,0,0,0,0,0,0
