cell,root_id,n_pre,n_pre_with_column,votes,majority_column_id,mean_u,max_u,min_u,mean_v,max_v,min_v,mean_x,max_x,min_x,mean_y,max_y,min_y
Mi15,720575940612323737,9,4,4,1,-12.0,-12,-12,11.0,11,11,11.0,11.0,11.0,-6.5,-6.5,-6.5
Mi15,720575940648529785,7,3,3,2,-9.0,-9,-9,16.0,16,16,16.0,16.0,16.0,-1.0,-1.0,-1.0
Mi15,720575940627148388,5,2,2,5,-9.0,-9,-9,2.0,2,2,2.0,2.0,2.0,-8.0,-8.0,-8.0
Mi15,720575940620031680,9,5,"3, 2",6,-0.4,0,-1,4.4,5,4,4.4,5.0,4.0,1.8,2.0,1.5
Mi15,720575940614050271,10,3,"2, 1",7,-3.333,-3,-4,12.0,12,12,12.0,12.0,12.0,2.667,3.0,2.0
Mi15,720575940606517950,7,5,"4, 1",8,-16.8,-16,-17,8.0,8,8,8.0,8.0,8.0,-12.8,-12.0,-13.0
Mi15,720575940644340640,3,1,1,9,0.0,0,0,-9.0,-9,-9,-9.0,-9.0,-9.0,-4.5,-4.5,-4.5
Mi15,720575940630329807,9,4,4,12,-11.0,-11,-11,13.0,13,13,13.0,13.0,13.0,-4.5,-4.5,-4.5
Mi15,720575940624457715,9,4,4,15,4.0,4,4,-5.0,-5,-5,-5.0,-5.0,-5.0,1.5,1.5,1.5
Mi15,720575940643414688,8,4,"3, 1",17,4.0,4,4,-3.25,-3,-4,-3.25,-3.0,-4.0,2.375,2.5,2.0
Mi15,720575940617078356,15,7,"5, 1, 1",19,-15.143,-15,-16,12.714,13,11,12.714,13.0,11.0,-8.786,-8.5,-9.5
Mi15,720575940630306151,11,5,5,21,-11.0,-11,-11,3.0,3,3,3.0,3.0,3.0,-9.5,-9.5,-9.5
Mi15,720575940620598966,7,4,4,22,-2.0,-2,-2,1.0,1,1,1.0,1.0,1.0,-1.5,-1.5,-1.5
Mi15,720575940623244740,9,3,3,23,5.0,5,5,6.0,6,6,6.0,6.0,6.0,8.0,8.0,8.0
Mi15,720575940631679227,11,5,"4, 1",26,2.8,3,2,-2.8,-2,-3,-2.8,-2.0,-3.0,1.4,1.5,1.0
Mi15,720575940616056262,8,3,3,29,1.0,1,1,1.0,1,1,1.0,1.0,1.0,1.5,1.5,1.5
Mi15,720575940630378812,5,2,2,29,1.0,1,1,1.0,1,1,1.0,1.0,1.0,1.5,1.5,1.5
Mi15,720575940628449777,9,4,"3, 1",30,-2.0,-2,-2,-12.25,-12,-13,-12.25,-12.0,-13.0,-8.125,-8.0,-8.5
Mi15,720575940621981985,9,5,5,31,-8.0,-8,-8,0.0,0,0,0.0,0.0,0.0,-8.0,-8.0,-8.0
Mi15,720575940636665407,10,5,"4, 1",32,-6.0,-6,-6,0.2,1,0,0.2,1.0,0.0,-5.9,-5.5,-6.0
Mi15,720575940615714316,10,5,5,33,-6.0,-6,-6,-6.0,-6,-6,-6.0,-6.0,-6.0,-9.0,-9.0,-9.0
Mi15,720575940624021956,8,4,4,36,2.0,2,2,-12.0,-12,-12,-12.0,-12.0,-12.0,-4.0,-4.0,-4.0
Mi15,720575940627743816,9,5,5,37,-1.0,-1,-1,-3.0,-3,-3,-3.0,-3.0,-3.0,-2.5,-2.5,-2.5
Mi15,720575940615851423,9,4,"2, 1, 1",38,0.75,1,0,0.0,1,-1,0.0,1.0,-1.0,0.75,1.0,0.5
Mi15,720575940630645100,7,4,4,39,-10.0,-10,-10,0.0,0,0,0.0,0.0,0.0,-10.0,-10.0,-10.0
Mi15,720575940632225361,11,5,"3, 2",40,1.0,1,1,4.4,5,4,4.4,5.0,4.0,3.2,3.5,3.0
Mi15,720575940623943980,12,6,"4, 1, 1",41,-17.0,-16,-18,6.0,7,5,6.0,7.0,5.0,-14.0,-13.5,-14.5
Mi15,720575940639248693,10,4,"3, 1",42,-8.0,-8,-8,2.25,3,2,2.25,3.0,2.0,-6.875,-6.5,-7.0
Mi15,720575940644377544,9,4,4,43,-14.0,-14,-14,10.0,10,10,10.0,10.0,10.0,-9.0,-9.0,-9.0
Mi15,720575940626932873,10,5,"4, 1",46,-12.0,-12,-12,8.8,9,8,8.8,9.0,8.0,-7.6,-7.5,-8.0
Mi15,720575940615639932,12,5,"3, 1, 1",49,6.0,7,5,-8.0,-7,-9,-8.0,-7.0,-9.0,2.0,2.5,1.5
Mi15,720575940624206827,11,5,5,50,-12.0,-12,-12,3.0,3,3,3.0,3.0,3.0,-10.5,-10.5,-10.5
Mi15,720575940617201595,13,6,"5, 1",53,-1.833,-1,-2,-10.0,-10,-10,-10.0,-10.0,-10.0,-6.833,-6.0,-7.0
Mi15,720575940609080412,7,3,3,54,-5.0,-5,-5,7.0,7,7,7.0,7.0,7.0,-1.5,-1.5,-1.5
Mi15,720575940659568769,10,4,"3, 1",56,7.75,8,7,-2.75,-2,-3,-2.75,-2.0,-3.0,6.375,6.5,6.0
Mi15,720575940646462243,8,4,4,58,-3.0,-3,-3,-6.0,-6,-6,-6.0,-6.0,-6.0,-6.0,-6.0,-6.0
Mi15,720575940620584368,10,4,4,59,-3.0,-3,-3,4.0,4,4,4.0,4.0,4.0,-1.0,-1.0,-1.0
Mi15,720575940638047651,10,6,"3, 2, 1",60,-11.667,-11,-12,15.833,17,15,15.833,17.0,15.0,-3.75,-3.5,-4.0
Mi15,720575940635525880,9,4,"3, 1",61,-2.0,-2,-2,7.75,8,7,7.75,8.0,7.0,1.875,2.0,1.5
Mi15,720575940631975272,11,7,"6, 1",63,-2.143,-2,-3,-8.0,-8,-8,-8.0,-8.0,-8.0,-6.143,-6.0,-7.0
Mi15,720575940629946627,15,8,"4, 2, 2",66,-4.75,-4,-5,-5.5,-5,-6,-5.5,-5.0,-6.0,-7.5,-7.0,-8.0
Mi15,720575940628347155,15,5,"4, 1",68,-5.2,-5,-6,-5.8,-5,-6,-5.8,-5.0,-6.0,-8.1,-8.0,-8.5
Mi15,720575940615907902,8,3,3,70,-14.0,-14,-14,7.0,7,7,7.0,7.0,7.0,-10.5,-10.5,-10.5
Mi15,720575940639711347,10,5,"4, 1",71,0.0,0,0,3.2,4,3,3.2,4.0,3.0,1.6,2.0,1.5
Mi15,720575940621568892,11,6,"5, 1",73,1.0,1,1,-4.167,-4,-5,-4.167,-4.0,-5.0,-1.083,-1.0,-1.5
Mi15,720575940621308096,9,4,4,74,4.0,4,4,1.0,1,1,1.0,1.0,1.0,4.5,4.5,4.5
Mi15,720575940619514246,12,5,5,75,-13.0,-13,-13,12.0,12,12,12.0,12.0,12.0,-7.0,-7.0,-7.0
Mi15,720575940635491576,9,6,"2, 2, 1, 1",77,4.667,5,4,-5.167,-4,-6,-5.167,-4.0,-6.0,2.083,2.5,1.5
Mi15,720575940633188250,8,5,"4, 1",78,-8.0,-8,-8,-4.2,-4,-5,-4.2,-4.0,-5.0,-10.1,-10.0,-10.5
Mi15,720575940619502641,10,6,"5, 1",79,1.833,2,1,-4.833,-4,-5,-4.833,-4.0,-5.0,-0.583,-0.5,-1.0
Mi15,720575940605038182,9,5,5,80,-2.0,-2,-2,-9.0,-9,-9,-9.0,-9.0,-9.0,-6.5,-6.5,-6.5
Mi15,720575940632716461,13,5,5,82,-10.0,-10,-10,13.0,13,13,13.0,13.0,13.0,-3.5,-3.5,-3.5
Mi15,720575940620461165,10,3,3,84,-8.0,-8,-8,4.0,4,4,4.0,4.0,4.0,-6.0,-6.0,-6.0
Mi15,720575940613557032,8,5,"4, 1",87,-3.8,-3,-4,-3.2,-3,-4,-3.2,-3.0,-4.0,-5.4,-5.0,-5.5
Mi15,720575940617895707,12,6,"5, 1",90,-6.167,-6,-7,7.0,7,7,7.0,7.0,7.0,-2.667,-2.5,-3.5
Mi15,720575940611081058,9,4,4,91,-4.0,-4,-4,2.0,2,2,2.0,2.0,2.0,-3.0,-3.0,-3.0
Mi15,720575940607341234,7,4,"3, 1",92,-4.0,-4,-4,-0.75,0,-1,-0.75,0.0,-1.0,-4.375,-4.0,-4.5
Mi15,720575940624751508,8,3,3,93,-7.0,-7,-7,11.0,11,11,11.0,11.0,11.0,-1.5,-1.5,-1.5
Mi15,720575940639647421,6,4,4,97,-6.0,-6,-6,10.0,10,10,10.0,10.0,10.0,-1.0,-1.0,-1.0
Mi15,720575940626535957,12,7,"5, 1, 1",99,-3.143,-3,-4,-9.143,-9,-10,-9.143,-9.0,-10.0,-7.714,-7.5,-8.5
Mi15,720575940642105248,10,4,4,101,-10.0,-10,-10,14.0,14,14,14.0,14.0,14.0,-3.0,-3.0,-3.0
Mi15,720575940633713306,13,8,"5, 1, 1, 1",105,-8.0,-7,-9,-6.125,-5,-7,-6.125,-5.0,-7.0,-11.062,-10.5,-11.5
Mi15,720575940619599921,10,7,"5, 1, 1",106,-11.857,-11,-12,12.857,13,12,12.857,13.0,12.0,-5.429,-4.5,-6.0
Mi15,720575940612780822,9,3,"2, 1",108,3.0,3,3,6.333,7,6,6.333,7.0,6.0,6.167,6.5,6.0
Mi15,720575940617172002,9,5,"4, 1",109,7.0,7,7,-8.8,-8,-9,-8.8,-8.0,-9.0,2.6,3.0,2.5
Mi15,720575940623608212,8,4,"3, 1",110,-6.75,-6,-7,13.75,14,13,13.75,14.0,13.0,0.125,0.5,0.0
Mi15,720575940622825989,6,4,"3, 1",112,-5.75,-5,-6,10.75,11,10,10.75,11.0,10.0,-0.375,0.0,-0.5
Mi15,720575940622387850,8,5,5,113,-4.0,-4,-4,4.0,4,4,4.0,4.0,4.0,-2.0,-2.0,-2.0
Mi15,720575940637823541,11,3,"2, 1",114,9.0,9,9,-4.667,-4,-5,-4.667,-4.0,-5.0,6.667,7.0,6.5
Mi15,720575940623199880,7,4,4,115,-5.0,-5,-5,8.0,8,8,8.0,8.0,8.0,-1.0,-1.0,-1.0
Mi15,720575940611581998,10,3,3,118,3.0,3,3,-7.0,-7,-7,-7.0,-7.0,-7.0,-0.5,-0.5,-0.5
Mi15,720575940624574135,10,4,4,119,-5.0,-5,-5,4.0,4,4,4.0,4.0,4.0,-3.0,-3.0,-3.0
Mi15,720575940608372693,11,4,4,120,0.0,0,0,1.0,1,1,1.0,1.0,1.0,0.5,0.5,0.5
Mi15,720575940625677326,8,3,"2, 1",121,-10.0,-10,-10,16.333,17,16,16.333,17.0,16.0,-1.833,-1.5,-2.0
Mi15,720575940623523286,13,5,"3, 1, 1",124,5.0,5,5,-3.0,-2,-4,-3.0,-2.0,-4.0,3.5,4.0,3.0
Mi15,720575940626085395,12,4,4,125,1.0,1,1,-11.0,-11,-11,-11.0,-11.0,-11.0,-4.5,-4.5,-4.5
Mi15,720575940616272543,5,2,2,126,-2.0,-2,-2,-7.0,-7,-7,-7.0,-7.0,-7.0,-5.5,-5.5,-5.5
Mi15,720575940620844141,11,6,"4, 2",127,-7.0,-7,-7,-0.667,0,-1,-0.667,0.0,-1.0,-7.333,-7.0,-7.5
Mi15,720575940614789819,12,6,"4, 1, 1",130,-3.833,-3,-4,-4.333,-4,-5,-4.333,-4.0,-5.0,-6.0,-5.5,-6.5
Mi15,720575940618110292,10,3,"2, 1",131,-16.333,-16,-17,12.0,12,12,12.0,12.0,12.0,-10.333,-10.0,-11.0
Mi15,720575940631072081,10,3,3,133,-13.0,-13,-13,6.0,6,6,6.0,6.0,6.0,-10.0,-10.0,-10.0
Mi15,720575940630400634,17,4,"3, 1",136,-1.25,-1,-2,-0.75,0,-1,-0.75,0.0,-1.0,-1.625,-1.5,-2.0
Mi15,720575940631334671,10,6,"5, 1",138,-12.833,-12,-13,-1.167,-1,-2,-1.167,-1.0,-2.0,-13.417,-13.0,-13.5
Mi15,720575940632077964,9,3,3,139,8.0,8,8,-2.0,-2,-2,-2.0,-2.0,-2.0,7.0,7.0,7.0
Mi15,720575940633876013,7,5,"4, 1",140,-1.0,-1,-1,-6.2,-6,-7,-6.2,-6.0,-7.0,-4.1,-4.0,-4.5
Mi15,720575940621780464,9,5,"3, 1, 1",142,7.2,8,7,3.6,4,3,3.6,4.0,3.0,9.0,9.5,8.5
Mi15,720575940617810004,12,4,4,143,-12.0,-12,-12,8.0,8,8,8.0,8.0,8.0,-8.0,-8.0,-8.0
Mi15,720575940632513351,6,3,"2, 1",146,4.0,4,4,-2.333,-2,-3,-2.333,-2.0,-3.0,2.833,3.0,2.5
Mi15,720575940606861001,8,2,2,147,-9.0,-9,-9,-3.0,-3,-3,-3.0,-3.0,-3.0,-10.5,-10.5,-10.5
Mi15,720575940628492943,13,5,"2, 2, 1",149,13.4,14,13,-12.2,-12,-13,-12.2,-12.0,-13.0,7.3,8.0,6.5
Mi15,720575940638135359,11,6,6,150,-10.0,-10,-10,15.0,15,15,15.0,15.0,15.0,-2.5,-2.5,-2.5
Mi15,720575940612889714,9,3,3,152,11.0,11,11,-7.0,-7,-7,-7.0,-7.0,-7.0,7.5,7.5,7.5
Mi15,720575940642376608,9,4,"2, 2",156,-8.5,-8,-9,17.0,17,17,17.0,17.0,17.0,0.0,0.5,-0.5
Mi15,720575940622746037,9,3,3,160,-12.0,-12,-12,4.0,4,4,4.0,4.0,4.0,-10.0,-10.0,-10.0
Mi15,720575940619595429,10,6,"3, 3",162,-3.5,-3,-4,8.5,9,8,8.5,9.0,8.0,0.75,1.0,0.5
Mi15,720575940623023069,5,3,3,164,0.0,0,0,2.0,2,2,2.0,2.0,2.0,1.0,1.0,1.0
Mi15,720575940627584875,8,3,"2, 1",165,-4.0,-4,-4,-8.333,-8,-9,-8.333,-8.0,-9.0,-8.167,-8.0,-8.5
Mi15,720575940628749182,8,3,"2, 1",166,-9.333,-9,-10,0.0,0,0,0.0,0.0,0.0,-9.333,-9.0,-10.0
Mi15,720575940631185915,10,4,4,168,-9.0,-9,-9,1.0,1,1,1.0,1.0,1.0,-8.5,-8.5,-8.5
Mi15,720575940624578377,13,5,"3, 1, 1",172,-10.2,-10,-11,-1.6,-1,-2,-1.6,-1.0,-2.0,-11.0,-10.5,-11.5
Mi15,720575940629944131,9,5,5,176,-8.0,-8,-8,3.0,3,3,3.0,3.0,3.0,-6.5,-6.5,-6.5
Mi15,720575940626150462,9,4,4,177,-1.0,-1,-1,3.0,3,3,3.0,3.0,3.0,0.5,0.5,0.5
Mi15,720575940628624360,11,4,4,178,-3.0,-3,-3,-5.0,-5,-5,-5.0,-5.0,-5.0,-5.5,-5.5,-5.5
Mi15,720575940608829909,9,6,"3, 1, 1, 1",179,2.833,4,2,10.0,11,9,10.0,11.0,9.0,7.833,8.5,7.0
Mi15,720575940623323721,4,1,1,185,8.0,8,8,-5.0,-5,-5,-5.0,-5.0,-5.0,5.5,5.5,5.5
Mi15,720575940624322540,7,4,"3, 1",185,8.0,8,8,-5.25,-5,-6,-5.25,-5.0,-6.0,5.375,5.5,5.0
Mi15,720575940625844664,10,3,"2, 1",186,-14.333,-14,-15,2.333,3,2,2.333,3.0,2.0,-13.167,-13.0,-13.5
Mi15,720575940616212153,9,4,"3, 1",187,-6.75,-6,-7,-7.25,-7,-8,-7.25,-7.0,-8.0,-10.375,-10.0,-10.5
Mi15,720575940619628270,10,3,3,188,-13.0,-13,-13,9.0,9,9,9.0,9.0,9.0,-8.5,-8.5,-8.5
Mi15,720575940625041084,7,2,2,189,0.0,0,0,-13.0,-13,-13,-13.0,-13.0,-13.0,-6.5,-6.5,-6.5
Mi15,720575940622216709,6,3,3,190,0.0,0,0,5.0,5,5,5.0,5.0,5.0,2.5,2.5,2.5
Mi15,720575940621817633,9,3,"2, 1",191,5.333,6,5,0.667,1,0,0.667,1.0,0.0,5.667,6.0,5.5
Mi15,720575940627356478,7,3,"2, 1",192,1.667,2,1,-14.0,-14,-14,-14.0,-14.0,-14.0,-5.333,-5.0,-6.0
Mi15,720575940624150857,11,7,"6, 1",193,-7.0,-7,-7,9.857,10,9,9.857,10.0,9.0,-2.071,-2.0,-2.5
Mi15,720575940620715870,9,3,3,194,3.0,3,3,-1.0,-1,-1,-1.0,-1.0,-1.0,2.5,2.5,2.5
Mi15,720575940623636458,9,3,"2, 1",197,9.667,10,9,0.333,1,0,0.333,1.0,0.0,9.833,10.0,9.5
Mi15,720575940623687182,7,4,4,198,5.0,5,5,-12.0,-12,-12,-12.0,-12.0,-12.0,-1.0,-1.0,-1.0
Mi15,720575940628343025,10,5,"4, 1",200,-11.0,-11,-11,9.8,10,9,9.8,10.0,9.0,-6.1,-6.0,-6.5
Mi15,720575940623788524,10,4,"3, 1",201,-12.0,-12,-12,14.75,15,14,14.75,15.0,14.0,-4.625,-4.5,-5.0
Mi15,720575940618390078,13,4,4,202,-14.0,-14,-14,1.0,1,1,1.0,1.0,1.0,-13.5,-13.5,-13.5
Mi15,720575940611972977,10,6,"4, 1, 1",203,3.833,4,3,-6.667,-6,-7,-6.667,-6.0,-7.0,0.5,1.0,0.0
Mi15,720575940622456555,10,4,4,204,6.0,6,6,-10.0,-10,-10,-10.0,-10.0,-10.0,1.0,1.0,1.0
Mi15,720575940611875960,11,3,"2, 1",205,8.333,9,8,-10.0,-10,-10,-10.0,-10.0,-10.0,3.333,4.0,3.0
Mi15,720575940609366467,12,7,"6, 1",206,-5.0,-5,-5,5.143,6,5,5.143,6.0,5.0,-2.429,-2.0,-2.5
Mi15,720575940617682689,8,3,"2, 1",209,0.667,1,0,6.0,6,6,6.0,6.0,6.0,3.667,4.0,3.0
Mi15,720575940626632088,12,4,4,210,-10.0,-10,-10,12.0,12,12,12.0,12.0,12.0,-4.0,-4.0,-4.0
Mi15,720575940632358957,7,3,3,211,-6.0,-6,-6,13.0,13,13,13.0,13.0,13.0,0.5,0.5,0.5
Mi15,720575940618858375,8,3,3,213,5.0,5,5,-6.0,-6,-6,-6.0,-6.0,-6.0,2.0,2.0,2.0
Mi15,720575940642177696,6,1,1,214,-6.0,-6,-6,9.0,9,9,9.0,9.0,9.0,-1.5,-1.5,-1.5
Mi15,720575940617109051,13,6,6,216,-7.0,-7,-7,-5.0,-5,-5,-5.0,-5.0,-5.0,-9.5,-9.5,-9.5
Mi15,720575940629512966,8,2,"1, 1",219,7.5,8,7,-12.0,-12,-12,-12.0,-12.0,-12.0,1.5,2.0,1.0
Mi15,720575940624805127,11,5,5,220,5.0,5,5,-4.0,-4,-4,-4.0,-4.0,-4.0,3.0,3.0,3.0
Mi15,720575940638729542,11,4,"3, 1",221,-7.75,-7,-8,12.5,13,11,12.5,13.0,11.0,-1.5,-1.5,-1.5
Mi15,720575940629998380,11,3,3,222,-16.0,-16,-16,6.0,6,6,6.0,6.0,6.0,-13.0,-13.0,-13.0
Mi15,720575940643013261,3,2,2,224,-2.0,-2,-2,-1.0,-1,-1,-1.0,-1.0,-1.0,-2.5,-2.5,-2.5
Mi15,720575940632817967,11,5,"3, 2",226,-4.0,-4,-4,-11.4,-11,-12,-11.4,-11.0,-12.0,-9.7,-9.5,-10.0
Mi15,720575940628294458,10,5,"4, 1",227,-8.8,-8,-9,13.0,13,13,13.0,13.0,13.0,-2.3,-1.5,-2.5
Mi15,720575940616195421,9,4,4,228,-7.0,-7,-7,13.0,13,13,13.0,13.0,13.0,-0.5,-0.5,-0.5
Mi15,720575940626120378,14,5,"3, 1, 1",231,10.2,11,10,-8.0,-7,-9,-8.0,-7.0,-9.0,6.2,6.5,6.0
Mi15,720575940613484706,10,5,"4, 1",232,-9.8,-9,-10,7.0,7,7,7.0,7.0,7.0,-6.3,-5.5,-6.5
Mi15,720575940609642435,6,2,2,235,-1.0,-1,-1,-9.0,-9,-9,-9.0,-9.0,-9.0,-5.5,-5.5,-5.5
Mi15,720575940643235232,8,3,3,236,-3.0,-3,-3,2.0,2,2,2.0,2.0,2.0,-2.0,-2.0,-2.0
Mi15,720575940610340803,10,4,"2, 1, 1",237,-15.25,-15,-16,3.0,4,2,3.0,4.0,2.0,-13.75,-13.5,-14.0
Mi15,720575940616295135,12,4,"3, 1",239,-9.0,-9,-9,11.75,12,11,11.75,12.0,11.0,-3.125,-3.0,-3.5
Mi15,720575940605254846,8,2,2,241,11.0,11,11,-5.0,-5,-5,-5.0,-5.0,-5.0,8.5,8.5,8.5
Mi15,720575940617354897,10,3,3,242,-7.0,-7,-7,8.0,8,8,8.0,8.0,8.0,-3.0,-3.0,-3.0
Mi15,720575940628312681,10,5,"3, 1, 1",243,10.0,11,9,1.0,2,0,1.0,2.0,0.0,10.5,11.0,10.0
Mi15,720575940627963127,6,2,2,245,-3.0,-3,-3,9.0,9,9,9.0,9.0,9.0,1.5,1.5,1.5
Mi15,720575940620510811,7,4,4,246,-11.0,-11,-11,7.0,7,7,7.0,7.0,7.0,-7.5,-7.5,-7.5
Mi15,720575940611340386,6,3,3,248,-6.0,-6,-6,12.0,12,12,12.0,12.0,12.0,0.0,0.0,0.0
Mi15,720575940632493988,10,5,"2, 2, 1",251,5.6,6,5,1.8,2,1,1.8,2.0,1.0,6.5,7.0,6.0
Mi15,720575940629489424,12,5,5,252,-8.0,-8,-8,-7.0,-7,-7,-7.0,-7.0,-7.0,-11.5,-11.5,-11.5
Mi15,720575940621572800,11,5,5,253,-3.0,-3,-3,-10.0,-10,-10,-10.0,-10.0,-10.0,-8.0,-8.0,-8.0
Mi15,720575940626796999,11,5,5,257,-8.0,-8,-8,-5.0,-5,-5,-5.0,-5.0,-5.0,-10.5,-10.5,-10.5
Mi15,720575940619793062,8,2,2,260,-12.0,-12,-12,5.0,5,5,5.0,5.0,5.0,-9.5,-9.5,-9.5
Mi15,720575940641492443,3,2,2,261,-7.0,-7,-7,1.0,1,1,1.0,1.0,1.0,-6.5,-6.5,-6.5
Mi15,720575940643946952,6,1,1,262,7.0,7,7,-3.0,-3,-3,-3.0,-3.0,-3.0,5.5,5.5,5.5
Mi15,720575940627015187,10,3,3,263,-5.0,-5,-5,6.0,6,6,6.0,6.0,6.0,-2.0,-2.0,-2.0
Mi15,720575940635013823,6,1,1,264,2.0,2,2,2.0,2,2,2.0,2.0,2.0,3.0,3.0,3.0
Mi15,720575940614653393,7,3,"2, 1",266,11.667,12,11,1.0,1,1,1.0,1.0,1.0,12.167,12.5,11.5
Mi15,720575940631015255,8,5,"4, 1",267,-7.0,-7,-7,11.8,12,11,11.8,12.0,11.0,-1.1,-1.0,-1.5
Mi15,720575940629787330,9,4,4,272,4.0,4,4,-6.0,-6,-6,-6.0,-6.0,-6.0,1.0,1.0,1.0
Mi15,720575940650137977,5,2,2,275,-7.0,-7,-7,15.0,15,15,15.0,15.0,15.0,0.5,0.5,0.5
Mi15,720575940647858228,12,7,"5, 2",278,-9.714,-9,-10,9.714,10,9,9.714,10.0,9.0,-4.857,-4.5,-5.0
Mi15,720575940622236449,14,6,"5, 1",279,-8.167,-8,-9,8.167,9,8,8.167,9.0,8.0,-4.083,-4.0,-4.5
Mi15,720575940609696981,12,7,"2, 2, 1, 1, 1",280,0.571,2,-1,12.429,14,12,12.429,14.0,12.0,6.786,8.0,6.0
Mi15,720575940630573359,14,7,"5, 1, 1",282,-13.143,-13,-14,0.0,1,-1,0.0,1.0,-1.0,-13.143,-13.0,-13.5
Mi15,720575940649579641,11,6,6,283,-6.0,-6,-6,8.0,8,8,8.0,8.0,8.0,-2.0,-2.0,-2.0
Mi15,720575940615898566,12,5,"4, 1",284,-12.0,-12,-12,-0.8,0,-1,-0.8,0.0,-1.0,-12.4,-12.0,-12.5
Mi15,720575940629671440,8,1,1,285,15.0,15,15,-12.0,-12,-12,-12.0,-12.0,-12.0,9.0,9.0,9.0
Mi15,720575940630088492,7,3,3,287,-11.0,-11,-11,9.0,9,9,9.0,9.0,9.0,-6.5,-6.5,-6.5
Mi15,720575940624799240,3,1,1,289,-6.0,-6,-6,1.0,1,1,1.0,1.0,1.0,-5.5,-5.5,-5.5
Mi15,720575940639213877,11,6,"5, 1",292,-13.0,-13,-13,7.833,8,7,7.833,8.0,7.0,-9.083,-9.0,-9.5
Mi15,720575940626853220,7,2,"1, 1",295,-16.0,-16,-16,2.5,3,2,2.5,3.0,2.0,-14.75,-14.5,-15.0
Mi15,720575940615650866,13,6,6,298,-7.0,-7,-7,9.0,9,9,9.0,9.0,9.0,-2.5,-2.5,-2.5
Mi15,720575940626981395,12,6,"5, 1",299,-10.167,-10,-11,8.167,9,8,8.167,9.0,8.0,-6.083,-6.0,-6.5
Mi15,720575940627235689,9,4,4,301,-13.0,-13,-13,10.0,10,10,10.0,10.0,10.0,-8.0,-8.0,-8.0
Mi15,720575940620439723,10,5,5,302,-6.0,-6,-6,-5.0,-5,-5,-5.0,-5.0,-5.0,-8.5,-8.5,-8.5
Mi15,720575940618102555,9,4,4,303,-16.0,-16,-16,10.0,10,10,10.0,10.0,10.0,-11.0,-11.0,-11.0
Mi15,720575940621630598,11,5,5,305,-9.0,-9,-9,14.0,14,14,14.0,14.0,14.0,-2.0,-2.0,-2.0
Mi15,720575940646285364,6,4,"3, 1",306,0.0,0,0,-6.75,-6,-7,-6.75,-6.0,-7.0,-3.375,-3.0,-3.5
Mi15,720575940623934955,11,5,"4, 1",308,-9.2,-9,-10,10.2,11,10,10.2,11.0,10.0,-4.1,-4.0,-4.5
Mi15,720575940615674822,10,6,"5, 1",309,-12.0,-12,-12,12.167,13,12,12.167,13.0,12.0,-5.917,-5.5,-6.0
Mi15,720575940615437727,10,3,3,310,-9.0,-9,-9,-4.0,-4,-4,-4.0,-4.0,-4.0,-11.0,-11.0,-11.0
Mi15,720575940623200717,6,3,"2, 1",311,-14.0,-14,-14,12.667,13,12,12.667,13.0,12.0,-7.667,-7.5,-8.0
Mi15,720575940630112732,6,2,"1, 1",312,8.5,9,8,-10.0,-9,-11,-10.0,-9.0,-11.0,3.5,3.5,3.5
Mi15,720575940636131044,8,3,"2, 1",314,-11.0,-11,-11,17.333,18,17,17.333,18.0,17.0,-2.333,-2.0,-2.5
Mi15,720575940621065967,10,4,4,318,14.0,14,14,-9.0,-9,-9,-9.0,-9.0,-9.0,9.5,9.5,9.5
Mi15,720575940627643269,7,5,5,319,-4.0,-4,-4,3.0,3,3,3.0,3.0,3.0,-2.5,-2.5,-2.5
Mi15,720575940639633725,8,4,"3, 1",320,1.0,1,1,2.75,3,2,2.75,3.0,2.0,2.375,2.5,2.0
Mi15,720575940624679605,9,3,3,322,-11.0,-11,-11,-4.0,-4,-4,-4.0,-4.0,-4.0,-13.0,-13.0,-13.0
Mi15,720575940630609858,11,7,"6, 1",324,-9.0,-9,-9,-5.857,-5,-6,-5.857,-5.0,-6.0,-11.929,-11.5,-12.0
Mi15,720575940625673008,11,3,3,326,-6.0,-6,-6,-4.0,-4,-4,-4.0,-4.0,-4.0,-8.0,-8.0,-8.0
Mi15,720575940618937179,11,7,"5, 2",328,10.0,10,10,-10.714,-10,-11,-10.714,-10.0,-11.0,4.643,5.0,4.5
Mi15,720575940629937487,9,6,"5, 1",329,-12.0,-12,-12,-0.167,0,-1,-0.167,0.0,-1.0,-12.083,-12.0,-12.5
Mi15,720575940655688865,6,2,2,330,2.0,2,2,-7.0,-7,-7,-7.0,-7.0,-7.0,-1.5,-1.5,-1.5
Mi15,720575940627015293,9,4,"3, 1",331,9.25,10,9,-3.0,-3,-3,-3.0,-3.0,-3.0,7.75,8.5,7.5
Mi15,720575940621921345,10,4,"3, 1",333,11.25,12,11,-1.0,-1,-1,-1.0,-1.0,-1.0,10.75,11.5,10.5
Mi15,720575940628096893,10,6,"5, 1",336,-10.833,-10,-11,-1.167,-1,-2,-1.167,-1.0,-2.0,-11.417,-11.0,-11.5
Mi15,720575940625903653,12,6,"3, 3",337,-2.5,-2,-3,10.5,11,10,10.5,11.0,10.0,2.75,3.0,2.5
Mi15,720575940636825054,13,8,"4, 4",338,-1.0,-1,-1,1.5,2,1,1.5,2.0,1.0,-0.25,0.0,-0.5
Mi15,720575940628538055,8,4,4,339,1.0,1,1,-13.0,-13,-13,-13.0,-13.0,-13.0,-5.5,-5.5,-5.5
Mi15,720575940608498699,10,4,4,340,-12.0,-12,-12,7.0,7,7,7.0,7.0,7.0,-8.5,-8.5,-8.5
Mi15,720575940621435526,12,5,5,343,-16.0,-16,-16,5.0,5,5,5.0,5.0,5.0,-13.5,-13.5,-13.5
Mi15,720575940610748280,5,1,1,344,6.0,6,6,3.0,3,3,3.0,3.0,3.0,7.5,7.5,7.5
Mi15,720575940639113587,7,2,"1, 1",345,10.0,11,9,-6.5,-6,-7,-6.5,-6.0,-7.0,6.75,7.5,6.0
Mi15,720575940615195275,8,3,"2, 1",347,2.0,2,2,8.667,9,8,8.667,9.0,8.0,6.333,6.5,6.0
Mi15,720575940634927514,11,6,"3, 3",348,-3.5,-3,-4,-6.5,-6,-7,-6.5,-6.0,-7.0,-6.75,-6.5,-7.0
Mi15,720575940627033335,14,6,"4, 1, 1",350,-6.167,-6,-7,-2.667,-2,-3,-2.667,-2.0,-3.0,-7.5,-7.0,-8.0
Mi15,720575940630816251,9,3,3,350,-6.0,-6,-6,-3.0,-3,-3,-3.0,-3.0,-3.0,-7.5,-7.5,-7.5
Mi15,720575940626813758,6,1,1,351,8.0,8,8,1.0,1,1,1.0,1.0,1.0,8.5,8.5,8.5
Mi15,720575940619530558,11,4,"2, 1, 1",352,-15.5,-15,-16,3.5,4,2,3.5,4.0,2.0,-13.75,-13.0,-14.0
Mi15,720575940623629290,10,5,"4, 1",353,-10.0,-10,-10,-3.8,-3,-4,-3.8,-3.0,-4.0,-11.9,-11.5,-12.0
Mi15,720575940628001639,12,5,5,356,-11.0,-11,-11,0.0,0,0,0.0,0.0,0.0,-11.0,-11.0,-11.0
Mi15,720575940628187079,8,2,"1, 1",357,-4.0,-4,-4,-9.5,-9,-10,-9.5,-9.0,-10.0,-8.75,-8.5,-9.0
Mi15,720575940626268702,7,4,4,358,-11.0,-11,-11,5.0,5,5,5.0,5.0,5.0,-8.5,-8.5,-8.5
Mi15,720575940604447520,9,4,4,359,-9.0,-9,-9,-5.0,-5,-5,-5.0,-5.0,-5.0,-11.5,-11.5,-11.5
Mi15,720575940632567363,14,6,"4, 1, 1",360,-14.333,-14,-15,9.167,10,9,9.167,10.0,9.0,-9.75,-9.5,-10.5
Mi15,720575940615003286,11,5,"3, 2",361,4.0,4,4,-0.6,0,-1,-0.6,0.0,-1.0,3.7,4.0,3.5
Mi15,720575940618408000,9,5,"4, 1",362,12.0,12,12,-3.8,-3,-4,-3.8,-3.0,-4.0,10.1,10.5,10.0
Mi15,720575940625174759,4,2,2,365,1.0,1,1,-9.0,-9,-9,-9.0,-9.0,-9.0,-3.5,-3.5,-3.5
Mi15,720575940613980591,14,6,"2, 2, 2",368,5.667,6,5,7.667,8,7,7.667,8.0,7.0,9.5,10.0,9.0
Mi15,720575940632513180,9,4,"2, 2",369,8.5,9,8,-11.0,-11,-11,-11.0,-11.0,-11.0,3.0,3.5,2.5
Mi15,720575940628784380,14,6,"4, 1, 1",370,-12.833,-12,-13,4.667,5,4,4.667,5.0,4.0,-10.5,-10.0,-11.0
Mi15,720575940633735393,11,6,"5, 1",371,9.0,9,9,-13.167,-13,-14,-13.167,-13.0,-14.0,2.417,2.5,2.0
Mi15,720575940630228094,8,3,"2, 1",372,2.0,2,2,-1.667,-1,-2,-1.667,-1.0,-2.0,1.167,1.5,1.0
Mi15,720575940622590719,11,4,4,374,-4.0,-4,-4,-5.0,-5,-5,-5.0,-5.0,-5.0,-6.5,-6.5,-6.5
Mi15,720575940623685895,8,3,3,375,-9.0,-9,-9,11.0,11,11,11.0,11.0,11.0,-3.5,-3.5,-3.5
Mi15,720575940624850983,5,2,2,377,-3.0,-3,-3,-1.0,-1,-1,-1.0,-1.0,-1.0,-3.5,-3.5,-3.5
Mi15,720575940633449427,6,2,2,378,-12.0,-12,-12,6.0,6,6,6.0,6.0,6.0,-9.0,-9.0,-9.0
Mi15,720575940611205838,10,4,4,382,6.0,6,6,-6.0,-6,-6,-6.0,-6.0,-6.0,3.0,3.0,3.0
Mi15,720575940635616619,10,4,4,383,-11.0,-11,-11,11.0,11,11,11.0,11.0,11.0,-5.5,-5.5,-5.5
Mi15,720575940629549178,10,3,"2, 1",384,-4.667,-4,-5,11.667,12,11,11.667,12.0,11.0,1.167,1.5,1.0
Mi15,720575940640735440,13,8,"6, 1, 1",386,-15.125,-15,-16,11.125,12,11,11.125,12.0,11.0,-9.562,-9.0,-10.5
Mi15,720575940627038722,8,2,2,387,7.0,7,7,1.0,1,1,1.0,1.0,1.0,7.5,7.5,7.5
Mi15,720575940621976865,14,6,"5, 1",388,-5.833,-5,-6,-7.167,-7,-8,-7.167,-7.0,-8.0,-9.417,-9.0,-9.5
Mi15,720575940623002099,10,4,4,391,6.0,6,6,-9.0,-9,-9,-9.0,-9.0,-9.0,1.5,1.5,1.5
Mi15,720575940627146329,6,2,"1, 1",392,-7.0,-7,-7,7.5,8,7,7.5,8.0,7.0,-3.25,-3.0,-3.5
Mi15,720575940636267383,8,5,"4, 1",392,-7.0,-7,-7,7.2,8,7,7.2,8.0,7.0,-3.4,-3.0,-3.5
Mi15,720575940637942335,13,7,"5, 1, 1",393,-12.143,-12,-13,2.143,3,2,2.143,3.0,2.0,-11.071,-10.5,-12.0
Mi15,720575940611407054,7,2,2,394,-3.0,-3,-3,14.0,14,14,14.0,14.0,14.0,4.0,4.0,4.0
Mi15,720575940640914651,14,8,"4, 4",396,-5.5,-5,-6,2.0,2,2,2.0,2.0,2.0,-4.5,-4.0,-5.0
Mi15,720575940615893554,9,3,3,398,-14.0,-14,-14,6.0,6,6,6.0,6.0,6.0,-11.0,-11.0,-11.0
Mi15,720575940629512491,5,2,2,402,-10.0,-10,-10,-6.0,-6,-6,-6.0,-6.0,-6.0,-13.0,-13.0,-13.0
Mi15,720575940626319618,7,2,2,403,4.0,4,4,4.0,4,4,4.0,4.0,4.0,6.0,6.0,6.0
Mi15,720575940630706814,10,6,"5, 1",404,-11.0,-11,-11,2.167,3,2,2.167,3.0,2.0,-9.917,-9.5,-10.0
Mi15,720575940632327761,8,5,5,405,-2.0,-2,-2,-6.0,-6,-6,-6.0,-6.0,-6.0,-5.0,-5.0,-5.0
Mi15,720575940609717572,14,6,"3, 1, 1, 1",409,2.333,3,2,-1.0,0,-2,-1.0,0.0,-2.0,1.833,2.5,1.5
Mi15,720575940637543902,11,4,4,410,-1.0,-1,-1,4.0,4,4,4.0,4.0,4.0,1.0,1.0,1.0
Mi15,720575940634270388,5,1,1,412,-16.0,-16,-16,11.0,11,11,11.0,11.0,11.0,-10.5,-10.5,-10.5
Mi15,720575940627092499,10,4,4,413,2.0,2,2,3.0,3,3,3.0,3.0,3.0,3.5,3.5,3.5
Mi15,720575940619682683,11,6,"4, 2",414,-6.0,-6,-6,-8.667,-8,-9,-8.667,-8.0,-9.0,-10.333,-10.0,-10.5
Mi15,720575940628363249,9,4,4,415,0.0,0,0,-12.0,-12,-12,-12.0,-12.0,-12.0,-6.0,-6.0,-6.0
Mi15,720575940641509517,10,2,2,416,7.0,7,7,-6.0,-6,-6,-6.0,-6.0,-6.0,4.0,4.0,4.0
Mi15,720575940623553032,2,1,1,417,-1.0,-1,-1,12.0,12,12,12.0,12.0,12.0,5.0,5.0,5.0
Mi15,720575940611975907,11,6,"4, 1, 1",418,-9.167,-9,-10,3.167,4,3,3.167,4.0,3.0,-7.583,-7.0,-8.5
Mi15,720575940641684213,9,4,"2, 1, 1",419,3.25,4,3,5.25,6,5,5.25,6.0,5.0,5.875,6.5,5.5
Mi15,720575940631530597,9,4,"2, 1, 1",422,-5.25,-4,-6,13.75,14,13,13.75,14.0,13.0,1.625,2.5,1.0
Mi15,720575940640916387,8,3,"2, 1",422,-5.333,-5,-6,14.333,15,14,14.333,15.0,14.0,1.833,2.0,1.5
Mi15,720575940613639395,10,4,4,423,12.0,12,12,-6.0,-6,-6,-6.0,-6.0,-6.0,9.0,9.0,9.0
Mi15,720575940631242972,8,4,4,425,-7.0,-7,-7,-6.0,-6,-6,-6.0,-6.0,-6.0,-10.0,-10.0,-10.0
Mi15,720575940661193345,7,2,2,426,-3.0,-3,-3,6.0,6,6,6.0,6.0,6.0,0.0,0.0,0.0
Mi15,720575940646500996,11,3,3,428,-13.0,-13,-13,3.0,3,3,3.0,3.0,3.0,-11.5,-11.5,-11.5
Mi15,720575940627176211,8,4,"2, 2",429,-9.0,-9,-9,3.5,4,3,3.5,4.0,3.0,-7.25,-7.0,-7.5
Mi15,720575940609836868,7,2,2,431,3.0,3,3,4.0,4,4,4.0,4.0,4.0,5.0,5.0,5.0
Mi15,720575940660137857,10,3,3,432,-8.0,-8,-8,9.0,9,9,9.0,9.0,9.0,-3.5,-3.5,-3.5
Mi15,720575940621054580,12,5,5,434,-6.0,-6,-6,5.0,5,5,5.0,5.0,5.0,-3.5,-3.5,-3.5
Mi15,720575940632284463,9,4,"2, 1, 1",436,8.0,9,7,-1.25,-1,-2,-1.25,-1.0,-2.0,7.375,8.0,6.5
Mi15,720575940628809003,12,6,6,437,-9.0,-9,-9,6.0,6,6,6.0,6.0,6.0,-6.0,-6.0,-6.0
Mi15,720575940620589136,4,1,1,438,-11.0,-11,-11,-5.0,-5,-5,-5.0,-5.0,-5.0,-13.5,-13.5,-13.5
Mi15,720575940613944239,11,5,5,440,-10.0,-10,-10,-3.0,-3,-3,-3.0,-3.0,-3.0,-11.5,-11.5,-11.5
Mi15,720575940626603395,9,4,4,441,11.0,11,11,-6.0,-6,-6,-6.0,-6.0,-6.0,8.0,8.0,8.0
Mi15,720575940627759016,11,4,4,442,-17.0,-17,-17,9.0,9,9,9.0,9.0,9.0,-12.5,-12.5,-12.5
Mi15,720575940615734850,13,7,"6, 1",443,-8.0,-8,-8,11.857,12,11,11.857,12.0,11.0,-2.071,-2.0,-2.5
Mi15,720575940623667470,10,3,"2, 1",444,9.0,9,9,-8.333,-8,-9,-8.333,-8.0,-9.0,4.833,5.0,4.5
Mi15,720575940634850970,12,6,"5, 1",445,-6.0,-6,-6,4.167,5,4,4.167,5.0,4.0,-3.917,-3.5,-4.0
Mi15,720575940631574924,5,3,3,447,-2.0,-2,-2,2.0,2,2,2.0,2.0,2.0,-1.0,-1.0,-1.0
Mi15,720575940621617761,9,3,"2, 1",452,6.0,6,6,-2.667,-2,-3,-2.667,-2.0,-3.0,4.667,5.0,4.5
Mi15,720575940644672712,12,6,"3, 1, 1, 1",453,-9.333,-9,-10,-6.667,-6,-7,-6.667,-6.0,-7.0,-12.667,-12.0,-13.5
Mi15,720575940620281765,8,3,3,454,11.0,11,11,-10.0,-10,-10,-10.0,-10.0,-10.0,6.0,6.0,6.0
Mi15,720575940624382187,9,5,"4, 1",456,-10.2,-10,-11,-0.8,0,-1,-0.8,0.0,-1.0,-10.6,-10.5,-11.0
Mi15,720575940623590663,10,5,5,457,-10.0,-10,-10,3.0,3,3,3.0,3.0,3.0,-8.5,-8.5,-8.5
Mi15,720575940622063526,8,3,3,458,5.0,5,5,-10.0,-10,-10,-10.0,-10.0,-10.0,0.0,0.0,0.0
Mi15,720575940624805378,13,6,"4, 2",459,7.0,7,7,-10.667,-10,-11,-10.667,-10.0,-11.0,1.667,2.0,1.5
Mi15,720575940629750142,10,3,3,461,10.0,10,10,-15.0,-15,-15,-15.0,-15.0,-15.0,2.5,2.5,2.5
Mi15,720575940625074505,7,4,4,462,-10.0,-10,-10,2.0,2,2,2.0,2.0,2.0,-9.0,-9.0,-9.0
Mi15,720575940622260485,12,6,"4, 2",463,-3.333,-3,-4,-10.667,-10,-11,-10.667,-10.0,-11.0,-8.667,-8.5,-9.0
Mi15,720575940605688241,8,3,3,464,4.0,4,4,-8.0,-8,-8,-8.0,-8.0,-8.0,0.0,0.0,0.0
Mi15,720575940630344156,10,4,4,465,3.0,3,3,-6.0,-6,-6,-6.0,-6.0,-6.0,0.0,0.0,0.0
Mi15,720575940617727449,10,5,5,466,-6.0,-6,-6,-2.0,-2,-2,-2.0,-2.0,-2.0,-7.0,-7.0,-7.0
Mi15,720575940607680779,7,3,3,468,-8.0,-8,-8,5.0,5,5,5.0,5.0,5.0,-5.5,-5.5,-5.5
Mi15,720575940631162309,9,5,5,469,-13.0,-13,-13,13.0,13,13,13.0,13.0,13.0,-6.5,-6.5,-6.5
Mi15,720575940633856863,9,2,2,472,-11.0,-11,-11,-3.0,-3,-3,-3.0,-3.0,-3.0,-12.5,-12.5,-12.5
Mi15,720575940630600314,10,2,2,473,-15.0,-15,-15,7.0,7,7,7.0,7.0,7.0,-11.5,-11.5,-11.5
Mi15,720575940632652057,7,2,2,475,-3.0,-3,-3,7.0,7,7,7.0,7.0,7.0,0.5,0.5,0.5
Mi15,720575940621887398,7,4,4,476,-8.0,-8,-8,1.0,1,1,1.0,1.0,1.0,-7.5,-7.5,-7.5
Mi15,720575940606169376,26,5,5,477,-4.0,-4,-4,6.0,6,6,6.0,6.0,6.0,-1.0,-1.0,-1.0
Mi15,720575940627502312,8,2,2,479,-7.0,-7,-7,4.0,4,4,4.0,4.0,4.0,-5.0,-5.0,-5.0
Mi15,720575940628958449,6,2,2,480,13.0,13,13,-7.0,-7,-7,-7.0,-7.0,-7.0,9.5,9.5,9.5
Mi15,720575940624366739,12,5,5,482,-7.0,-7,-7,-3.0,-3,-3,-3.0,-3.0,-3.0,-8.5,-8.5,-8.5
Mi15,720575940630672889,9,4,4,483,6.0,6,6,-5.0,-5,-5,-5.0,-5.0,-5.0,3.5,3.5,3.5
Mi15,720575940612083899,9,3,3,484,8.0,8,8,-7.0,-7,-7,-7.0,-7.0,-7.0,4.5,4.5,4.5
Mi15,720575940622392534,5,2,"1, 1",485,-1.0,-1,-1,5.5,6,5,5.5,6.0,5.0,1.75,2.0,1.5
Mi15,720575940645098775,10,6,"4, 2",486,-0.333,0,-1,-0.667,0,-1,-0.667,0.0,-1.0,-0.667,-0.5,-1.0
Mi15,720575940628696500,5,1,1,487,2.0,2,2,-3.0,-3,-3,-3.0,-3.0,-3.0,0.5,0.5,0.5
Mi15,720575940624251391,7,4,4,489,-8.0,-8,-8,6.0,6,6,6.0,6.0,6.0,-5.0,-5.0,-5.0
Mi15,720575940630912556,11,6,"5, 1",490,-8.0,-8,-8,9.833,10,9,9.833,10.0,9.0,-3.083,-3.0,-3.5
Mi15,720575940604717233,7,3,"2, 1",491,8.333,9,8,-15.0,-15,-15,-15.0,-15.0,-15.0,0.833,1.5,0.5
Mi15,720575940639131364,8,3,3,493,-14.0,-14,-14,5.0,5,5,5.0,5.0,5.0,-11.5,-11.5,-11.5
Mi15,720575940633631955,6,2,2,497,6.0,6,6,-13.0,-13,-13,-13.0,-13.0,-13.0,-0.5,-0.5,-0.5
Mi15,720575940618997844,10,5,5,498,1.0,1,1,-12.0,-12,-12,-12.0,-12.0,-12.0,-5.0,-5.0,-5.0
Mi15,720575940633662690,9,5,"4, 1",499,0.2,1,0,-10.2,-10,-11,-10.2,-10.0,-11.0,-4.9,-4.5,-5.0
Mi15,720575940601325484,7,1,1,500,11.0,11,11,-14.0,-14,-14,-14.0,-14.0,-14.0,4.0,4.0,4.0
Mi15,720575940622521584,5,3,3,501,0.0,0,0,-2.0,-2,-2,-2.0,-2.0,-2.0,-1.0,-1.0,-1.0
Mi15,720575940629175678,1,1,1,502,1.0,1,1,-10.0,-10,-10,-10.0,-10.0,-10.0,-4.0,-4.0,-4.0
Mi15,720575940628924688,9,5,"4, 1",503,-5.0,-5,-5,-7.2,-7,-8,-7.2,-7.0,-8.0,-8.6,-8.5,-9.0
Mi15,720575940617349844,10,6,"5, 1",504,-6.167,-6,-7,3.0,3,3,3.0,3.0,3.0,-4.667,-4.5,-5.5
Mi15,720575940620798836,10,5,"3, 2",506,6.6,7,6,-1.6,-1,-2,-1.6,-1.0,-2.0,5.8,6.0,5.5
Mi15,720575940630714455,12,5,5,508,-10.0,-10,-10,9.0,9,9,9.0,9.0,9.0,-5.5,-5.5,-5.5
Mi15,720575940617324317,9,4,"3, 1",509,-9.25,-9,-10,8.0,8,8,8.0,8.0,8.0,-5.25,-5.0,-6.0
Mi15,720575940624932280,10,5,5,510,-7.0,-7,-7,3.0,3,3,3.0,3.0,3.0,-5.5,-5.5,-5.5
Mi15,720575940606392497,7,4,"2, 1, 1",511,11.25,12,11,-11.0,-10,-12,-11.0,-10.0,-12.0,5.75,6.0,5.5
Mi15,720575940640351822,10,5,5,512,6.0,6,6,-12.0,-12,-12,-12.0,-12.0,-12.0,0.0,0.0,0.0
Mi15,720575940625799610,12,5,"3, 1, 1",514,1.2,2,1,7.4,8,6,7.4,8.0,6.0,4.9,5.0,4.5
Mi15,720575940613321202,11,5,"4, 1",518,-15.0,-15,-15,7.8,8,7,7.8,8.0,7.0,-11.1,-11.0,-11.5
Mi15,720575940634900671,8,4,4,519,-2.0,-2,-2,9.0,9,9,9.0,9.0,9.0,2.5,2.5,2.5
Mi15,720575940608837070,10,4,4,521,11.0,11,11,-13.0,-13,-13,-13.0,-13.0,-13.0,4.5,4.5,4.5
Mi15,720575940612307314,10,5,5,522,-4.0,-4,-4,8.0,8,8,8.0,8.0,8.0,0.0,0.0,0.0
Mi15,720575940627728783,6,2,2,523,-5.0,-5,-5,-4.0,-4,-4,-4.0,-4.0,-4.0,-7.0,-7.0,-7.0
Mi15,720575940647464580,10,3,3,529,3.0,3,3,-4.0,-4,-4,-4.0,-4.0,-4.0,1.0,1.0,1.0
Mi15,720575940631923769,13,5,5,531,1.0,1,1,-2.0,-2,-2,-2.0,-2.0,-2.0,0.0,0.0,0.0
Mi15,720575940642688653,11,5,"3, 1, 1",532,-11.4,-11,-12,15.6,17,15,15.6,17.0,15.0,-3.6,-3.5,-4.0
Mi15,720575940612297957,7,3,3,534,2.0,2,2,-6.0,-6,-6,-6.0,-6.0,-6.0,-1.0,-1.0,-1.0
Mi15,720575940638730310,13,6,6,538,-4.0,-4,-4,7.0,7,7,7.0,7.0,7.0,-0.5,-0.5,-0.5
Mi15,720575940632011601,12,6,"4, 2",539,-12.667,-12,-13,10.667,11,10,10.667,11.0,10.0,-7.333,-7.0,-7.5
Mi15,720575940638091608,7,3,3,540,3.0,3,3,3.0,3,3,3.0,3.0,3.0,4.5,4.5,4.5
Mi15,720575940613366243,10,5,"4, 1",541,-11.0,-11,-11,8.2,9,8,8.2,9.0,8.0,-6.9,-6.5,-7.0
Mi15,720575940606496201,12,7,"5, 1, 1",545,-0.286,0,-1,-10.857,-10,-11,-10.857,-10.0,-11.0,-5.714,-5.5,-6.5
Mi15,720575940639014845,12,6,6,547,-11.0,-11,-11,1.0,1,1,1.0,1.0,1.0,-10.5,-10.5,-10.5
Mi15,720575940628012200,12,6,"3, 2, 1",548,9.333,10,9,-1.833,-1,-2,-1.833,-1.0,-2.0,8.417,9.0,8.0
Mi15,720575940611599458,11,4,4,549,5.0,5,5,-1.0,-1,-1,-1.0,-1.0,-1.0,4.5,4.5,4.5
Mi15,720575940621512233,13,5,5,552,5.0,5,5,-9.0,-9,-9,-9.0,-9.0,-9.0,0.5,0.5,0.5
Mi15,720575940623341240,8,4,4,553,-11.0,-11,-11,6.0,6,6,6.0,6.0,6.0,-8.0,-8.0,-8.0
Mi15,720575940623838477,10,3,3,555,-8.0,-8,-8,7.0,7,7,7.0,7.0,7.0,-4.5,-4.5,-4.5
Mi15,720575940622603189,10,5,5,556,-5.0,-5,-5,0.0,0,0,0.0,0.0,0.0,-5.0,-5.0,-5.0
Mi15,720575940604992457,14,8,"4, 4",560,-14.0,-14,-14,13.5,14,13,13.5,14.0,13.0,-7.25,-7.0,-7.5
Mi15,720575940605927042,12,6,"2, 2, 1, 1",560,-14.333,-14,-15,13.833,15,13,13.833,15.0,13.0,-7.417,-6.5,-8.0
Mi15,720575940611727786,6,1,1,560,-14.0,-14,-14,14.0,14,14,14.0,14.0,14.0,-7.0,-7.0,-7.0
Mi15,720575940605047753,5,2,2,562,-4.0,-4,-4,10.0,10,10,10.0,10.0,10.0,1.0,1.0,1.0
Mi15,720575940628207601,10,5,"3, 2",567,-13.4,-13,-14,4.0,4,4,4.0,4.0,4.0,-11.4,-11.0,-12.0
Mi15,720575940612922773,9,6,"4, 1, 1",568,-2.0,-1,-3,12.167,13,12,12.167,13.0,12.0,4.083,5.0,3.5
Mi15,720575940621213037,10,5,5,570,-10.0,-10,-10,-5.0,-5,-5,-5.0,-5.0,-5.0,-12.5,-12.5,-12.5
Mi15,720575940626858288,11,5,"4, 1",572,-9.2,-9,-10,15.0,15,15,15.0,15.0,15.0,-1.7,-1.5,-2.5
Mi15,720575940622853400,6,3,3,573,-3.0,-3,-3,-8.0,-8,-8,-8.0,-8.0,-8.0,-7.0,-7.0,-7.0
Mi15,720575940644864535,11,5,"4, 1",574,-8.0,-8,-8,10.8,11,10,10.8,11.0,10.0,-2.6,-2.5,-3.0
Mi15,720575940625062069,9,4,4,575,2.0,2,2,-13.0,-13,-13,-13.0,-13.0,-13.0,-4.5,-4.5,-4.5
Mi15,720575940622444577,11,6,"3, 2, 1",576,-14.333,-14,-15,0.5,1,0,0.5,1.0,0.0,-14.083,-13.5,-14.5
Mi15,720575940601067436,6,2,2,578,10.0,10,10,-9.0,-9,-9,-9.0,-9.0,-9.0,5.5,5.5,5.5
Mi15,720575940633345956,10,4,"2, 1, 1",580,10.5,11,10,2.75,3,2,2.75,3.0,2.0,11.875,12.5,11.5
Mi15,720575940631402348,3,1,1,581,-1.0,-1,-1,-7.0,-7,-7,-7.0,-7.0,-7.0,-4.5,-4.5,-4.5
Mi15,720575940610456014,10,5,5,582,-12.0,-12,-12,1.0,1,1,1.0,1.0,1.0,-11.5,-11.5,-11.5
Mi15,720575940626375728,8,4,4,584,-7.0,-7,-7,-9.0,-9,-9,-9.0,-9.0,-9.0,-11.5,-11.5,-11.5
Mi15,720575940623736914,12,7,"6, 1",586,-7.0,-7,-7,-3.857,-3,-4,-3.857,-3.0,-4.0,-8.929,-8.5,-9.0
Mi15,720575940631009335,8,4,4,589,2.0,2,2,1.0,1,1,1.0,1.0,1.0,2.5,2.5,2.5
Mi15,720575940642661851,12,5,"2, 1, 1, 1",591,5.4,6,5,-6.6,-6,-7,-6.6,-6.0,-7.0,2.1,3.0,1.5
Mi15,720575940617722598,8,2,2,595,13.0,13,13,-14.0,-14,-14,-14.0,-14.0,-14.0,6.0,6.0,6.0
Mi15,720575940616631602,8,3,"2, 1",598,11.0,11,11,-3.667,-3,-4,-3.667,-3.0,-4.0,9.167,9.5,9.0
Mi15,720575940627379473,12,6,"5, 1",601,-7.0,-7,-7,-1.833,-1,-2,-1.833,-1.0,-2.0,-7.917,-7.5,-8.0
Mi15,720575940615014250,9,3,3,602,5.0,5,5,-8.0,-8,-8,-8.0,-8.0,-8.0,1.0,1.0,1.0
Mi15,720575940628095818,9,4,4,605,-4.0,-4,-4,-7.0,-7,-7,-7.0,-7.0,-7.0,-7.5,-7.5,-7.5
Mi15,720575940653003254,11,5,5,607,-8.0,-8,-8,-2.0,-2,-2,-2.0,-2.0,-2.0,-9.0,-9.0,-9.0
Mi15,720575940631242059,11,6,"5, 1",608,-4.0,-4,-4,-1.833,-1,-2,-1.833,-1.0,-2.0,-4.917,-4.5,-5.0
Mi15,720575940621605146,6,3,3,609,-2.0,-2,-2,4.0,4,4,4.0,4.0,4.0,0.0,0.0,0.0
Mi15,720575940614615080,12,6,"2, 1, 1, 1, 1",610,14.0,15,12,-4.833,-4,-6,-4.833,-4.0,-6.0,11.583,12.5,10.0
Mi15,720575940641153076,11,6,"2, 2, 1, 1",613,-6.167,-5,-7,15.667,16,15,15.667,16.0,15.0,1.667,2.5,1.0
Mi15,720575940626431004,10,4,4,616,-10.0,-10,-10,5.0,5,5,5.0,5.0,5.0,-7.5,-7.5,-7.5
Mi15,720575940631351097,8,2,2,620,7.0,7,7,-15.0,-15,-15,-15.0,-15.0,-15.0,-0.5,-0.5,-0.5
Mi15,720575940610547576,12,7,"6, 1",621,-10.857,-10,-11,-2.143,-2,-3,-2.143,-2.0,-3.0,-11.929,-11.5,-12.0
Mi15,720575940618814843,8,4,4,622,-15.0,-15,-15,10.0,10,10,10.0,10.0,10.0,-10.0,-10.0,-10.0
Mi15,720575940627531819,6,3,3,623,-5.0,-5,-5,-3.0,-3,-3,-3.0,-3.0,-3.0,-6.5,-6.5,-6.5
Mi15,720575940626433820,11,4,4,626,-1.0,-1,-1,10.0,10,10,10.0,10.0,10.0,4.0,4.0,4.0
Mi15,720575940632994872,7,4,4,627,1.0,1,1,-1.0,-1,-1,-1.0,-1.0,-1.0,0.5,0.5,0.5
Mi15,720575940620040687,7,4,4,628,0.0,0,0,0.0,0,0,0.0,0.0,0.0,0.0,0.0,0.0
Mi15,720575940620768862,10,4,4,631,-12.0,-12,-12,-2.0,-2,-2,-2.0,-2.0,-2.0,-13.0,-13.0,-13.0
Mi15,720575940608428299,8,5,"2, 2, 1",632,13.4,14,13,-5.8,-5,-6,-5.8,-5.0,-6.0,10.5,11.0,10.0
Mi15,720575940612492441,8,5,5,636,-3.0,-3,-3,0.0,0,0,0.0,0.0,0.0,-3.0,-3.0,-3.0
Mi15,720575940638136253,4,2,2,638,-4.0,-4,-4,1.0,1,1,1.0,1.0,1.0,-3.5,-3.5,-3.5
Mi15,720575940626397948,7,4,"3, 1",639,-13.25,-13,-14,7.0,7,7,7.0,7.0,7.0,-9.75,-9.5,-10.5
Mi15,720575940632002641,9,5,"3, 1, 1",641,-4.6,-4,-5,14.8,15,14,14.8,15.0,14.0,2.8,3.5,2.5
Mi15,720575940639723635,9,5,5,643,-1.0,-1,-1,-12.0,-12,-12,-12.0,-12.0,-12.0,-7.0,-7.0,-7.0
Mi15,720575940614169775,9,5,"3, 1, 1",644,-15.0,-15,-15,12.0,13,11,12.0,13.0,11.0,-9.0,-8.5,-9.5
Mi15,720575940623012109,12,5,"2, 1, 1, 1",645,-17.4,-16,-18,7.4,9,5,7.4,9.0,5.0,-13.7,-13.5,-14.0
Mi15,720575940631166012,6,4,4,648,-2.0,-2,-2,-3.0,-3,-3,-3.0,-3.0,-3.0,-3.5,-3.5,-3.5
Mi15,720575940615678870,11,6,"5, 1",649,-2.833,-2,-3,0.833,1,0,0.833,1.0,0.0,-2.417,-2.0,-2.5
Mi15,720575940630086444,9,5,"3, 2",651,-0.6,0,-1,6.6,7,6,6.6,7.0,6.0,2.7,3.0,2.5
Mi15,720575940624526610,8,2,"1, 1",652,0.5,1,0,10.5,11,10,10.5,11.0,10.0,5.75,6.0,5.5
Mi15,720575940629266731,15,8,"6, 1, 1",654,-7.25,-7,-8,6.125,7,6,6.125,7.0,6.0,-4.188,-4.0,-5.0
Mi15,720575940645291118,7,3,"2, 1",655,7.333,8,7,-13.333,-13,-14,-13.333,-13.0,-14.0,0.667,1.0,0.5
Mi15,720575940649565561,11,4,4,658,-9.0,-9,-9,-2.0,-2,-2,-2.0,-2.0,-2.0,-10.0,-10.0,-10.0
Mi15,720575940625817744,9,4,"3, 1",659,-0.75,0,-1,8.0,8,8,8.0,8.0,8.0,3.25,4.0,3.0
Mi15,720575940640413859,6,2,2,660,-12.0,-12,-12,-4.0,-4,-4,-4.0,-4.0,-4.0,-14.0,-14.0,-14.0
Mi15,720575940621902256,10,4,4,661,-10.0,-10,-10,6.0,6,6,6.0,6.0,6.0,-7.0,-7.0,-7.0
Mi15,720575940631462219,9,3,3,662,3.0,3,3,-5.0,-5,-5,-5.0,-5.0,-5.0,0.5,0.5,0.5
Mi15,720575940645786647,4,2,"1, 1",664,14.5,15,14,-2.5,-2,-3,-2.5,-2.0,-3.0,13.25,13.5,13.0
Mi15,720575940634132636,6,1,1,665,8.0,8,8,-14.0,-14,-14,-14.0,-14.0,-14.0,1.0,1.0,1.0
Mi15,720575940629395578,12,6,"3, 1, 1, 1",668,-7.833,-7,-8,-3.167,-2,-4,-3.167,-2.0,-4.0,-9.417,-9.0,-10.0
Mi15,720575940613581107,8,2,"1, 1",669,11.5,12,11,-8.0,-8,-8,-8.0,-8.0,-8.0,7.5,8.0,7.0
Mi15,720575940616752315,12,7,"3, 2, 1, 1",674,3.0,4,2,8.429,9,8,8.429,9.0,8.0,7.214,8.0,6.5
Mi15,720575940624091784,9,3,"2, 1",676,8.333,9,8,5.0,5,5,5.0,5.0,5.0,10.833,11.5,10.5
Mi15,720575940614130227,9,6,"5, 1",677,-5.167,-5,-6,-0.833,0,-1,-0.833,0.0,-1.0,-5.583,-5.5,-6.0
Mi15,720575940626957445,15,7,"6, 1",679,-5.0,-5,-5,-7.857,-7,-8,-7.857,-7.0,-8.0,-8.929,-8.5,-9.0
Mi15,720575940635901535,7,4,"2, 2",680,-13.0,-13,-13,1.5,2,1,1.5,2.0,1.0,-12.25,-12.0,-12.5
Mi15,720575940644320968,12,4,"2, 2",681,8.5,9,8,3.5,4,3,3.5,4.0,3.0,10.25,10.5,10.0
Mi15,720575940617670459,8,4,"3, 1",682,10.0,10,10,-12.25,-12,-13,-12.25,-12.0,-13.0,3.875,4.0,3.5
Mi15,720575940608182485,10,3,3,684,-14.0,-14,-14,11.0,11,11,11.0,11.0,11.0,-8.5,-8.5,-8.5
Mi15,720575940622516604,7,3,"1, 1, 1",685,0.333,1,0,9.333,10,9,9.333,10.0,9.0,5.0,5.5,4.5
Mi15,720575940607388683,7,3,"1, 1, 1",686,16.333,17,16,-10.333,-10,-11,-10.333,-10.0,-11.0,11.167,12.0,10.5
Mi15,720575940624475064,7,2,"1, 1",687,-4.5,-4,-5,11.5,12,11,11.5,12.0,11.0,1.25,1.5,1.0
Mi15,720575940617886621,9,4,4,688,-12.0,-12,-12,14.0,14,14,14.0,14.0,14.0,-5.0,-5.0,-5.0
Mi15,720575940635205995,10,4,4,689,-11.0,-11,-11,4.0,4,4,4.0,4.0,4.0,-9.0,-9.0,-9.0
Mi15,720575940617977489,10,5,"3, 2",690,-4.6,-4,-5,12.6,13,12,12.6,13.0,12.0,1.7,2.0,1.5
Mi15,720575940647536260,11,6,6,692,-16.0,-16,-16,8.0,8,8,8.0,8.0,8.0,-12.0,-12.0,-12.0
Mi15,720575940631273287,13,7,"4, 2, 1",693,-14.857,-14,-16,4.857,6,4,4.857,6.0,4.0,-12.429,-12.0,-13.0
Mi15,720575940620037456,11,5,"4, 1",695,-10.8,-10,-11,12.0,12,12,12.0,12.0,12.0,-4.8,-4.0,-5.0
Mi15,720575940621517040,8,4,4,696,-10.0,-10,-10,4.0,4,4,4.0,4.0,4.0,-8.0,-8.0,-8.0
Mi15,720575940637046640,10,4,4,698,10.0,10,10,-13.0,-13,-13,-13.0,-13.0,-13.0,3.5,3.5,3.5
Mi15,720575940615505714,7,2,"1, 1",699,-5.0,-5,-5,9.5,10,9,9.5,10.0,9.0,-0.25,0.0,-0.5
Mi15,720575940640218483,9,4,4,700,-2.0,-2,-2,-11.0,-11,-11,-11.0,-11.0,-11.0,-7.5,-7.5,-7.5
Mi15,720575940636914277,8,4,4,701,2.0,2,2,0.0,0,0,0.0,0.0,0.0,2.0,2.0,2.0
Mi15,720575940629586938,10,5,5,702,-16.0,-16,-16,9.0,9,9,9.0,9.0,9.0,-11.5,-11.5,-11.5
Mi15,720575940613609881,7,5,5,703,-3.0,-3,-3,5.0,5,5,5.0,5.0,5.0,-0.5,-0.5,-0.5
Mi15,720575940631605587,7,3,3,704,-11.0,-11,-11,14.0,14,14,14.0,14.0,14.0,-4.0,-4.0,-4.0
Mi15,720575940621430789,9,1,1,705,1.0,1,1,-3.0,-3,-3,-3.0,-3.0,-3.0,-0.5,-0.5,-0.5
Mi15,720575940626634392,10,6,"4, 1, 1",707,-13.833,-13,-14,3.0,4,2,3.0,4.0,2.0,-12.333,-12.0,-12.5
Mi15,720575940619230518,9,3,"2, 1",710,16.667,17,16,-8.667,-8,-9,-8.667,-8.0,-9.0,12.333,12.5,12.0
Mi15,720575940625269180,8,2,"1, 1",711,-10.5,-10,-11,1.5,2,1,1.5,2.0,1.0,-9.75,-9.5,-10.0
Mi15,720575940617217510,8,2,"1, 1",712,-12.5,-12,-13,13.5,14,13,13.5,14.0,13.0,-5.75,-5.5,-6.0
Mi15,720575940641816565,10,5,5,713,-14.0,-14,-14,12.0,12,12,12.0,12.0,12.0,-8.0,-8.0,-8.0
Mi15,720575940607067875,9,3,3,714,-1.0,-1,-1,-10.0,-10,-10,-10.0,-10.0,-10.0,-6.0,-6.0,-6.0
Mi15,720575940640021326,7,3,3,715,-1.0,-1,-1,-8.0,-8,-8,-8.0,-8.0,-8.0,-5.0,-5.0,-5.0
Mi15,720575940628781979,7,1,1,716,7.0,7,7,-8.0,-8,-8,-8.0,-8.0,-8.0,3.0,3.0,3.0
Mi15,720575940629547970,10,4,"3, 1",718,-17.0,-17,-17,9.75,10,9,9.75,10.0,9.0,-12.125,-12.0,-12.5
Mi15,720575940606786249,9,4,4,720,-15.0,-15,-15,9.0,9,9,9.0,9.0,9.0,-10.5,-10.5,-10.5
Mi15,720575940632629352,5,2,2,723,4.0,4,4,3.0,3,3,3.0,3.0,3.0,5.5,5.5,5.5
Mi15,720575940637198766,13,7,"3, 2, 1, 1",724,3.143,4,2,-7.857,-6,-9,-7.857,-6.0,-9.0,-0.786,-0.5,-1.0
Mi15,720575940626975107,6,1,1,729,-17.0,-17,-17,5.0,5,5,5.0,5.0,5.0,-14.5,-14.5,-14.5
Mi15,720575940632483492,10,4,4,731,-10.0,-10,-10,11.0,11,11,11.0,11.0,11.0,-4.5,-4.5,-4.5
Mi15,720575940608580105,8,4,4,732,-6.0,-6,-6,6.0,6,6,6.0,6.0,6.0,-3.0,-3.0,-3.0
Mi15,720575940616879158,7,4,"1, 1, 1, 1",736,-8.0,-7,-9,15.5,16,15,15.5,16.0,15.0,-0.25,0.5,-1.0
Mi15,720575940630994263,7,4,"2, 2",736,-7.5,-7,-8,14.5,15,14,14.5,15.0,14.0,-0.25,0.0,-0.5
Mi15,720575940634703215,7,3,3,737,-9.0,-9,-9,-1.0,-1,-1,-1.0,-1.0,-1.0,-9.5,-9.5,-9.5
Mi15,720575940639614579,9,4,4,738,-9.0,-9,-9,5.0,5,5,5.0,5.0,5.0,-6.5,-6.5,-6.5
Mi15,720575940617020962,10,5,5,739,-8.0,-8,-8,14.0,14,14,14.0,14.0,14.0,-1.0,-1.0,-1.0
Mi15,720575940641092992,12,6,"2, 2, 1, 1",740,6.5,7,6,-4.167,-3,-5,-4.167,-3.0,-5.0,4.417,5.0,4.0
Mi15,720575940635364764,7,3,3,741,5.0,5,5,4.0,4,4,4.0,4.0,4.0,7.0,7.0,7.0
Mi15,720575940605844913,10,6,"5, 1",742,-9.0,-9,-9,6.833,7,6,6.833,7.0,6.0,-5.583,-5.5,-6.0
Mi15,720575940639449296,12,6,"4, 2",744,-16.0,-16,-16,7.333,8,7,7.333,8.0,7.0,-12.333,-12.0,-12.5
Mi15,720575940614997471,12,5,"4, 1",746,-4.0,-4,-4,4.8,5,4,4.8,5.0,4.0,-1.6,-1.5,-2.0
Mi15,720575940636370153,10,5,5,748,-14.0,-14,-14,8.0,8,8,8.0,8.0,8.0,-10.0,-10.0,-10.0
Mi15,720575940630641664,7,2,2,749,-2.0,-2,-2,3.0,3,3,3.0,3.0,3.0,-0.5,-0.5,-0.5
Mi15,720575940616895244,12,6,"5, 1",752,-5.0,-5,-5,3.167,4,3,3.167,4.0,3.0,-3.417,-3.0,-3.5
Mi15,720575940628921959,7,3,3,753,-15.0,-15,-15,6.0,6,6,6.0,6.0,6.0,-12.0,-12.0,-12.0
Mi15,720575940627441950,4,2,2,754,6.0,6,6,1.0,1,1,1.0,1.0,1.0,6.5,6.5,6.5
Mi15,720575940633904429,13,7,"4, 2, 1",755,-5.286,-5,-6,-8.857,-8,-10,-8.857,-8.0,-10.0,-9.714,-9.5,-10.0
Mi15,720575940636671662,8,4,4,756,-5.0,-5,-5,-10.0,-10,-10,-10.0,-10.0,-10.0,-10.0,-10.0,-10.0
Mi15,720575940631599055,15,8,"4, 3, 1",757,2.875,3,2,0.5,1,0,0.5,1.0,0.0,3.125,3.5,2.5
Mi15,720575940626072085,10,4,"3, 1",758,6.0,6,6,-10.75,-10,-11,-10.75,-10.0,-11.0,0.625,1.0,0.5
Mi15,720575940608469257,8,5,"4, 1",760,-8.2,-8,-9,-0.8,0,-1,-0.8,0.0,-1.0,-8.6,-8.5,-9.0
Mi15,720575940614660770,10,5,5,765,-7.0,-7,-7,5.0,5,5,5.0,5.0,5.0,-4.5,-4.5,-4.5
Mi15,720575940621696750,6,3,"2, 1",767,-13.333,-13,-14,-1.667,-1,-2,-1.667,-1.0,-2.0,-14.167,-14.0,-14.5
Mi15,720575940611602638,8,3,3,768,1.0,1,1,-7.0,-7,-7,-7.0,-7.0,-7.0,-2.5,-2.5,-2.5
Mi15,720575940627693077,8,4,4,772,-5.0,-5,-5,-2.0,-2,-2,-2.0,-2.0,-2.0,-6.0,-6.0,-6.0
Mi15,720575940620658670,12,6,"3, 1, 1, 1",774,-10.833,-10,-11,16.167,17,15,16.167,17.0,15.0,-2.75,-2.5,-3.5
Mi15,720575940618606337,13,7,"5, 2",775,-6.286,-6,-7,-10.0,-10,-10,-10.0,-10.0,-10.0,-11.286,-11.0,-12.0
Mi15,720575940628282129,7,2,"1, 1",778,-8.0,-8,-8,-8.5,-8,-9,-8.5,-8.0,-9.0,-12.25,-12.0,-12.5
Mi15,720575940606673102,4,0,,,,,,,,,,,,,,
Mi15,720575940617941905,1,0,,,,,,,,,,,,,,
Mi15,720575940619648305,2,0,,,,,,,,,,,,,,
Mi15,720575940620663841,4,0,,,,,,,,,,,,,,
Mi15,720575940632771411,6,0,,,,,,,,,,,,,,
